year,count,genre,duration,song_hotttnesss
1922,0,Blues,180.40118,0
1922,0,Reggae,222.837095,0
1922,0,Country,0,0
1922,0,Jazz,0,0
1922,0,Folk,0,0
1922,0,Latin,0,0
1922,0,Pop,0,0
1922,0,World,0,0
1922,0,RnB,0,0
1922,0,Rock,0,0
1922,0,Electronic,0,0
1922,0,Rap,0,0
1922,0,Metal,0,0
1922,0,New Age,0,0
1922,0,Punk,0,0
1924,0,Blues,0,0
1924,0,Reggae,0,0
1924,0,Country,191.11138,0
1924,0,Jazz,0,0
1924,0,Folk,0,0
1924,0,Latin,0,0
1924,0,Pop,0,0
1924,0,World,0,0
1924,0,RnB,0,0
1924,0,Rock,0,0
1924,0,Electronic,0,0
1924,0,Rap,0,0
1924,0,Metal,0,0
1924,0,New Age,0,0
1924,0,Punk,0,0
1925,4,Blues,180.1921975,0.407540237
1925,0,Reggae,0,0
1925,0,Country,0,0
1925,0,Jazz,0,0
1925,0,Folk,0,0
1925,0,Latin,0,0
1925,0,Pop,0,0
1925,0,World,0,0
1925,0,RnB,0,0
1925,0,Rock,0,0
1925,0,Electronic,0,0
1925,0,Rap,0,0
1925,0,Metal,0,0
1925,0,New Age,0,0
1925,0,Punk,0,0
1926,9,Blues,175.6904311,0.507669472
1926,0,Reggae,0,0
1926,0,Country,0,0
1926,0,Jazz,0,0
1926,0,Folk,0,0
1926,0,Latin,0,0
1926,0,Pop,0,0
1926,0,World,0,0
1926,0,RnB,0,0
1926,0,Rock,0,0
1926,0,Electronic,0,0
1926,0,Rap,0,0
1926,0,Metal,0,0
1926,0,New Age,0,0
1926,0,Punk,0,0
1927,0,Blues,178.7538325,0
1927,0,Reggae,0,0
1927,0,Country,0,0
1927,3,Jazz,175.8471667,0.30299238
1927,0,Folk,0,0
1927,0,Latin,0,0
1927,0,Pop,0,0
1927,0,World,0,0
1927,0,RnB,0,0
1927,0,Rock,0,0
1927,0,Electronic,0,0
1927,0,Rap,0,0
1927,0,Metal,0,0
1927,0,New Age,0,0
1927,0,Punk,0,0
1928,0,Blues,177.1762432,0
1928,0,Reggae,0,0
1928,0,Country,0,0
1928,0,Jazz,290.219955,0
1928,0,Folk,0,0
1928,0,Latin,0,0
1928,0,Pop,0,0
1928,0,World,0,0
1928,0,RnB,0,0
1928,0,Rock,0,0
1928,0,Electronic,0,0
1928,0,Rap,0,0
1928,0,Metal,0,0
1928,0,New Age,0,0
1928,0,Punk,0,0
1929,24,Blues,190.73043,0.298230874
1929,0,Reggae,0,0
1929,0,Country,0,0
1929,0,Jazz,234.161175,0
1929,1,Folk,169.61261,0.569400328
1929,0,Latin,0,0
1929,0,Pop,0,0
1929,0,World,0,0
1929,0,RnB,0,0
1929,0,Rock,0,0
1929,0,Electronic,0,0
1929,0,Rap,0,0
1929,0,Metal,0,0
1929,0,New Age,0,0
1929,0,Punk,0,0
1930,18,Blues,185.05678,0.494226799
1930,0,Reggae,0,0
1930,0,Country,0,0
1930,0,Jazz,197.77261,0
1930,0,Folk,0,0
1930,0,Latin,0,0
1930,0,Pop,0,0
1930,0,World,0,0
1930,0,RnB,0,0
1930,0,Rock,0,0
1930,0,Electronic,0,0
1930,0,Rap,0,0
1930,0,Metal,0,0
1930,0,New Age,0,0
1930,0,Punk,0,0
1931,10,Blues,184.862893,0.291510186
1931,0,Reggae,0,0
1931,0,Country,0,0
1931,0,Jazz,0,0
1931,0,Folk,0,0
1931,0,Latin,0,0
1931,0,Pop,0,0
1931,0,World,0,0
1931,0,RnB,0,0
1931,0,Rock,0,0
1931,0,Electronic,0,0
1931,0,Rap,0,0
1931,0,Metal,0,0
1931,0,New Age,0,0
1931,0,Punk,0,0
1932,0,Blues,183.9575643,0
1932,0,Reggae,0,0
1932,0,Country,0,0
1932,0,Jazz,0,0
1932,0,Folk,0,0
1932,0,Latin,0,0
1932,0,Pop,0,0
1932,0,World,0,0
1932,0,RnB,0,0
1932,0,Rock,0,0
1932,0,Electronic,0,0
1932,0,Rap,0,0
1932,0,Metal,0,0
1932,0,New Age,0,0
1932,0,Punk,0,0
1933,0,Blues,167.90594,0
1933,0,Reggae,0,0
1933,0,Country,0,0
1933,0,Jazz,185.96526,0
1933,0,Folk,0,0
1933,0,Latin,0,0
1933,0,Pop,0,0
1933,0,World,0,0
1933,0,RnB,0,0
1933,0,Rock,0,0
1933,0,Electronic,0,0
1933,0,Rap,0,0
1933,0,Metal,0,0
1933,0,New Age,0,0
1933,0,Punk,0,0
1934,11,Blues,184.7731282,0.3170712
1934,0,Reggae,0,0
1934,0,Country,0,0
1934,0,Jazz,182.13832,0
1934,0,Folk,0,0
1934,0,Latin,0,0
1934,0,Pop,0,0
1934,0,World,0,0
1934,0,RnB,0,0
1934,0,Rock,0,0
1934,0,Electronic,0,0
1934,0,Rap,0,0
1934,0,Metal,0,0
1934,0,New Age,0,0
1934,0,Punk,0,0
1935,0,Blues,189.7508383,0
1935,0,Reggae,0,0
1935,0,Country,0,0
1935,1,Jazz,149.41995,0.270775999
1935,0,Folk,0,0
1935,0,Latin,0,0
1935,0,Pop,0,0
1935,0,World,0,0
1935,0,RnB,0,0
1935,0,Rock,0,0
1935,0,Electronic,0,0
1935,0,Rap,0,0
1935,0,Metal,0,0
1935,0,New Age,0,0
1935,0,Punk,0,0
1936,0,Blues,178.4245817,0
1936,0,Reggae,0,0
1936,0,Country,192.80934,0
1936,0,Jazz,196.058974,0
1936,0,Folk,0,0
1936,0,Latin,0,0
1936,0,Pop,0,0
1936,0,World,0,0
1936,0,RnB,0,0
1936,0,Rock,0,0
1936,0,Electronic,0,0
1936,0,Rap,0,0
1936,0,Metal,0,0
1936,0,New Age,0,0
1936,0,Punk,0,0
1937,0,Blues,183.1603613,0
1937,0,Reggae,0,0
1937,0,Country,0,0
1937,0,Jazz,178.3188457,0
1937,0,Folk,0,0
1937,0,Latin,0,0
1937,0,Pop,0,0
1937,0,World,0,0
1937,0,RnB,0,0
1937,0,Rock,0,0
1937,0,Electronic,0,0
1937,0,Rap,0,0
1937,0,Metal,0,0
1937,0,New Age,0,0
1937,0,Punk,0,0
1938,8,Blues,174.6673,0.345802234
1938,0,Reggae,0,0
1938,0,Country,0,0
1938,0,Jazz,0,0
1938,0,Folk,0,0
1938,0,Latin,0,0
1938,0,Pop,0,0
1938,0,World,0,0
1938,0,RnB,0,0
1938,0,Rock,0,0
1938,0,Electronic,0,0
1938,0,Rap,0,0
1938,0,Metal,0,0
1938,0,New Age,0,0
1938,0,Punk,0,0
1939,0,Blues,170.422405,0
1939,0,Reggae,0,0
1939,0,Country,0,0
1939,0,Jazz,206.8066217,0
1939,0,Folk,0,0
1939,0,Latin,0,0
1939,0,Pop,0,0
1939,0,World,0,0
1939,0,RnB,0,0
1939,0,Rock,0,0
1939,0,Electronic,0,0
1939,0,Rap,0,0
1939,0,Metal,0,0
1939,0,New Age,0,0
1939,0,Punk,0,0
1940,17,Blues,174.5313112,0.500027397
1940,0,Reggae,0,0
1940,0,Country,167.83628,0
1940,0,Jazz,0,0
1940,0,Folk,201.69098,0
1940,0,Latin,0,0
1940,0,Pop,0,0
1940,0,World,0,0
1940,0,RnB,0,0
1940,0,Rock,0,0
1940,0,Electronic,0,0
1940,0,Rap,0,0
1940,0,Metal,0,0
1940,0,New Age,0,0
1940,0,Punk,0,0
1941,14,Blues,170.6742979,0.459096191
1941,0,Reggae,0,0
1941,0,Country,0,0
1941,0,Jazz,181.16526,0
1941,0,Folk,0,0
1941,0,Latin,0,0
1941,0,Pop,0,0
1941,0,World,0,0
1941,0,RnB,0,0
1941,0,Rock,0,0
1941,0,Electronic,0,0
1941,0,Rap,0,0
1941,0,Metal,0,0
1941,0,New Age,0,0
1941,0,Punk,0,0
1942,4,Blues,181.68771,0.537503904
1942,0,Reggae,0,0
1942,0,Country,161.802,0
1942,0,Jazz,152.397915,0
1942,0,Folk,0,0
1942,0,Latin,0,0
1942,0,Pop,0,0
1942,0,World,0,0
1942,0,RnB,0,0
1942,0,Rock,0,0
1942,0,Electronic,0,0
1942,0,Rap,0,0
1942,0,Metal,0,0
1942,0,New Age,0,0
1942,0,Punk,0,0
1943,2,Blues,165.2371,0.581640202
1943,0,Reggae,0,0
1943,1,Country,166.05995,0.474348726
1943,0,Jazz,175.163625,0
1943,0,Folk,0,0
1943,0,Latin,158.09261,0
1943,0,Pop,0,0
1943,0,World,0,0
1943,0,RnB,0,0
1943,0,Rock,0,0
1943,0,Electronic,0,0
1943,0,Rap,0,0
1943,0,Metal,0,0
1943,0,New Age,0,0
1943,0,Punk,0,0
1944,0,Blues,151.170155,0
1944,0,Reggae,0,0
1944,0,Country,148.34893,0
1944,0,Jazz,164.1356,0
1944,0,Folk,0,0
1944,0,Latin,0,0
1944,0,Pop,0,0
1944,0,World,0,0
1944,0,RnB,0,0
1944,0,Rock,0,0
1944,0,Electronic,0,0
1944,0,Rap,0,0
1944,0,Metal,0,0
1944,0,New Age,0,0
1944,0,Punk,0,0
1945,4,Blues,173.7268925,0.557187768
1945,0,Reggae,0,0
1945,0,Country,166.177505,0
1945,0,Jazz,209.5886633,0
1945,0,Folk,0,0
1945,0,Latin,0,0
1945,0,Pop,0,0
1945,0,World,0,0
1945,0,RnB,0,0
1945,0,Rock,0,0
1945,0,Electronic,0,0
1945,0,Rap,0,0
1945,0,Metal,0,0
1945,0,New Age,0,0
1945,0,Punk,0,0
1946,4,Blues,175.6273025,0.417794169
1946,0,Reggae,0,0
1946,5,Country,162.397584,0.265861049
1946,0,Jazz,187.694566,0
1946,0,Folk,0,0
1946,0,Latin,0,0
1946,0,Pop,0,0
1946,0,World,0,0
1946,0,RnB,0,0
1946,0,Rock,0,0
1946,0,Electronic,0,0
1946,0,Rap,0,0
1946,0,Metal,0,0
1946,0,New Age,0,0
1946,0,Punk,0,0
1947,4,Blues,188.10077,0.565451012
1947,0,Reggae,0,0
1947,0,Country,167.9668923,0
1947,0,Jazz,181.8248525,0
1947,0,Folk,0,0
1947,0,Latin,0,0
1947,0,Pop,123.0624,0
1947,0,World,0,0
1947,0,RnB,0,0
1947,0,Rock,0,0
1947,0,Electronic,0,0
1947,0,Rap,0,0
1947,0,Metal,0,0
1947,0,New Age,0,0
1947,0,Punk,0,0
1948,4,Blues,185.168525,0.542709504
1948,0,Reggae,0,0
1948,7,Country,167.77284,0.518340538
1948,0,Jazz,241.1293425,0
1948,0,Folk,0,0
1948,0,Latin,0,0
1948,0,Pop,0,0
1948,0,World,0,0
1948,0,RnB,0,0
1948,0,Rock,0,0
1948,0,Electronic,0,0
1948,0,Rap,0,0
1948,0,Metal,0,0
1948,0,New Age,0,0
1948,0,Punk,0,0
1949,5,Blues,181.874484,0.531722098
1949,0,Reggae,0,0
1949,10,Country,169.952199,0.302400396
1949,7,Jazz,226.5782043,0.548961635
1949,0,Folk,0,0
1949,0,Latin,0,0
1949,0,Pop,0,0
1949,0,World,0,0
1949,0,RnB,0,0
1949,0,Rock,0,0
1949,0,Electronic,0,0
1949,0,Rap,0,0
1949,0,Metal,0,0
1949,0,New Age,0,0
1949,0,Punk,0,0
1950,10,Blues,193.34224,0.440798397
1950,0,Reggae,0,0
1950,0,Country,150.810975,0
1950,17,Jazz,189.4088153,0.73634904
1950,0,Folk,0,0
1950,0,Latin,0,0
1950,0,Pop,0,0
1950,0,World,0,0
1950,0,RnB,0,0
1950,0,Rock,0,0
1950,0,Electronic,0,0
1950,0,Rap,0,0
1950,0,Metal,0,0
1950,0,New Age,0,0
1950,0,Punk,0,0
1951,0,Blues,234.05016,0
1951,0,Reggae,0,0
1951,0,Country,163.6454957,0
1951,12,Jazz,205.3829483,0.345802234
1951,2,Folk,170.748935,0.425124658
1951,0,Latin,161.828115,0
1951,0,Pop,0,0
1951,0,World,0,0
1951,0,RnB,0,0
1951,0,Rock,0,0
1951,0,Electronic,0,0
1951,0,Rap,0,0
1951,0,Metal,0,0
1951,0,New Age,0,0
1951,0,Punk,0,0
1952,0,Blues,176.0517917,0
1952,0,Reggae,0,0
1952,6,Country,162.3418583,0.21997626
1952,2,Jazz,157.13914,0.504108255
1952,2,Folk,185.70404,0.398168154
1952,0,Latin,0,0
1952,0,Pop,0,0
1952,0,World,173.099955,0
1952,0,RnB,0,0
1952,0,Rock,0,0
1952,0,Electronic,0,0
1952,0,Rap,0,0
1952,0,Metal,0,0
1952,0,New Age,0,0
1952,0,Punk,0,0
1953,15,Blues,185.1101867,0.405273116
1953,0,Reggae,0,0
1953,0,Country,139.9001886,0
1953,6,Jazz,285.2218583,0.593502897
1953,0,Folk,154.670568,0
1953,0,Latin,0,0
1953,0,Pop,0,0
1953,0,World,0,0
1953,0,RnB,0,0
1953,0,Rock,0,0
1953,0,Electronic,0,0
1953,0,Rap,0,0
1953,0,Metal,0,0
1953,0,New Age,0,0
1953,0,Punk,0,0
1954,12,Blues,175.3377775,0.470388973
1954,0,Reggae,0,0
1954,0,Country,178.28526,0
1954,23,Jazz,274.2330157,0.499374626
1954,0,Folk,0,0
1954,3,Latin,215.7448533,0.5692224
1954,0,Pop,0,0
1954,0,World,0,0
1954,0,RnB,148.45342,0
1954,0,Rock,142.164445,0
1954,0,Electronic,0,0
1954,0,Rap,0,0
1954,0,Metal,0,0
1954,0,New Age,0,0
1954,0,Punk,0,0
1955,15,Blues,183.960798,0.514511778
1955,0,Reggae,0,0
1955,0,Country,143.59465,0
1955,55,Jazz,210.1988191,0.41320372
1955,1,Folk,84.55791,0.200984147
1955,0,Latin,0,0
1955,4,Pop,152.5546475,0.605223051
1955,0,World,0,0
1955,0,RnB,0,0
1955,11,Rock,147.66975,0.340857095
1955,0,Electronic,0,0
1955,0,Rap,0,0
1955,0,Metal,0,0
1955,0,New Age,0,0
1955,0,Punk,0,0
1956,23,Blues,178.17282,0.583685667
1956,0,Reggae,0,0
1956,21,Country,153.6157181,0.576399981
1956,93,Jazz,284.6339638,0.535310889
1956,0,Folk,169.69098,0
1956,0,Latin,0,0
1956,0,Pop,0,0
1956,0,World,0,0
1956,1,RnB,162.82077,0.729988738
1956,28,Rock,145.5221136,0.527703314
1956,0,Electronic,0,0
1956,0,Rap,0,0
1956,0,Metal,0,0
1956,0,New Age,0,0
1956,0,Punk,0,0
1957,19,Blues,163.0916195,0.632215355
1957,0,Reggae,0,0
1957,23,Country,149.6050835,0.585579082
1957,122,Jazz,307.9900717,0.51778604
1957,4,Folk,221.197915,0.425124658
1957,0,Latin,0,0
1957,0,Pop,206.00118,0
1957,0,World,0,0
1957,12,RnB,165.5462125,0.290373107
1957,34,Rock,141.2874224,0.335713746
1957,0,Electronic,0,0
1957,0,Rap,0,0
1957,0,Metal,0,0
1957,0,New Age,0,0
1957,0,Punk,0,0
1958,22,Blues,183.1297868,0.573555334
1958,0,Reggae,0,0
1958,11,Country,147.97847,0.520840913
1958,48,Jazz,285.387845,0.485100342
1958,7,Folk,177.8337157,0.567085934
1958,0,Latin,217.8085267,0
1958,2,Pop,154.853425,0.372530039
1958,0,World,0,0
1958,8,RnB,157.41016,0.625613903
1958,45,Rock,143.73571,0.476490141
1958,0,Electronic,0,0
1958,0,Rap,0,0
1958,0,Metal,0,0
1958,0,New Age,0,0
1958,0,Punk,0,0
1959,15,Blues,157.8435727,0.392008771
1959,0,Reggae,0,0
1959,28,Country,148.6540068,0.379873288
1959,73,Jazz,307.7330881,0.515971176
1959,8,Folk,173.6093425,0.360370583
1959,0,Latin,0,0
1959,0,Pop,0,0
1959,0,World,285.83138,0
1959,18,RnB,147.8264856,0.513728592
1959,32,Rock,138.7922003,0.536731998
1959,0,Electronic,0,0
1959,0,Rap,0,0
1959,0,Metal,0,0
1959,0,New Age,0,0
1959,0,Punk,0,0
1960,41,Blues,202.1758339,0.358720427
1960,0,Reggae,139.36281,0
1960,24,Country,160.42839,0.474387094
1960,52,Jazz,276.4986362,0.465940907
1960,6,Folk,212.5448533,0.516038234
1960,2,Latin,192.48281,0.255569139
1960,0,Pop,0,0
1960,2,World,179.813425,0.599715015
1960,8,RnB,157.8836275,0.398331223
1960,15,Rock,164.975002,0.540341476
1960,0,Electronic,0,0
1960,0,Rap,0,0
1960,0,Metal,0,0
1960,0,New Age,0,0
1960,0,Punk,0,0
1961,15,Blues,175.7931793,0.461648059
1961,0,Reggae,0,0
1961,24,Country,151.3649887,0.29863572
1961,54,Jazz,345.4553894,0.540479935
1961,3,Folk,222.4234933,0.38293509
1961,0,Latin,0,0
1961,6,Pop,152.0583217,0.6056954
1961,0,World,180.00934,0
1961,25,RnB,166.6252436,0.469333708
1961,16,Rock,140.490975,0.479650995
1961,0,Electronic,0,0
1961,0,Rap,0,0
1961,0,Metal,0,0
1961,0,New Age,0,0
1961,0,Punk,0,0
1962,44,Blues,188.846448,0.325351844
1962,0,Reggae,0,0
1962,14,Country,157.8780307,0.276719339
1962,60,Jazz,379.9679822,0.531527383
1962,8,Folk,170.7032212,0.527394839
1962,5,Latin,222.50012,0.423894986
1962,9,Pop,150.9350556,0.48680614
1962,2,World,155.506485,0.589405068
1962,24,RnB,165.2588658,0.445016477
1962,17,Rock,153.0955376,0.43861924
1962,0,Electronic,0,0
1962,0,Rap,0,0
1962,0,Metal,0,0
1962,0,New Age,0,0
1962,0,Punk,0,0
1963,12,Blues,203.8526067,0.254359958
1963,0,Reggae,323.26485,0
1963,32,Country,154.8493425,0.461853221
1963,62,Jazz,293.2568994,0.530598619
1963,11,Folk,225.4030336,0.410675842
1963,0,Latin,185.02485,0
1963,19,Pop,147.5638853,0.551317424
1963,0,World,0,0
1963,47,RnB,157.8902983,0.485181852
1963,29,Rock,139.2934524,0.612496966
1963,1,Electronic,254.30159,0.64014518
1963,0,Rap,182.54322,0
1963,0,Metal,0,0
1963,0,New Age,0,0
1963,0,Punk,0,0
1964,28,Blues,208.0965721,0.525435319
1964,0,Reggae,0,0
1964,12,Country,152.306485,0.571853281
1964,88,Jazz,322.180474,0.431593275
1964,22,Folk,217.6767259,0.511438112
1964,2,Latin,375.875465,0.598242155
1964,26,Pop,152.9766269,0.627118145
1964,0,World,202.55302,0
1964,38,RnB,163.9955932,0.525091049
1964,70,Rock,165.2501586,0.42507129
1964,0,Electronic,0,0
1964,0,Rap,0,0
1964,0,Metal,0,0
1964,0,New Age,0,0
1964,0,Punk,0,0
1965,40,Blues,211.772281,0.462776244
1965,6,Reggae,206.275465,0.410498016
1965,18,Country,170.4282089,0.501134943
1965,91,Jazz,311.0774389,0.580409571
1965,36,Folk,170.0400003,0.497514024
1965,0,Latin,0,0
1965,19,Pop,169.7047237,0.571665614
1965,0,World,0,0
1965,61,RnB,170.4947752,0.417056114
1965,93,Rock,160.3955971,0.531106784
1965,0,Electronic,0,0
1965,0,Rap,0,0
1965,0,Metal,0,0
1965,0,New Age,0,0
1965,0,Punk,0,0
1966,59,Blues,204.9199753,0.295414212
1966,1,Reggae,171.78077,0.266955186
1966,22,Country,157.4276741,0.343188854
1966,43,Jazz,258.617866,0.443915607
1966,34,Folk,176.2054532,0.582136686
1966,0,Latin,129.67138,0
1966,32,Pop,168.0028119,0.580398029
1966,0,World,0,0
1966,89,RnB,175.0008766,0.431802143
1966,137,Rock,176.5646114,0.560696625
1966,7,Electronic,133.52631,0.433530927
1966,0,Rap,0,0
1966,0,Metal,0,0
1966,0,New Age,0,0
1966,0,Punk,0,0
1967,35,Blues,206.7161891,0.398128979
1967,10,Reggae,194.711057,0.522551068
1967,32,Country,154.6795456,0.44796777
1967,47,Jazz,301.0157509,0.431365926
1967,39,Folk,239.2128585,0.513587204
1967,1,Latin,244.50567,0.467574948
1967,25,Pop,183.2955464,0.502079033
1967,0,World,0,0
1967,91,RnB,178.6943213,0.470418224
1967,229,Rock,196.9438759,0.570925275
1967,0,Electronic,0,0
1967,0,Rap,0,0
1967,0,Metal,0,0
1967,0,New Age,0,0
1967,0,Punk,0,0
1968,42,Blues,326.2229088,0.498592147
1968,6,Reggae,180.9062117,0.621138396
1968,27,Country,159.2274833,0.500075863
1968,38,Jazz,244.5730371,0.525410745
1968,39,Folk,223.0323464,0.492607089
1968,6,Latin,211.0602283,0.444393008
1968,31,Pop,172.5720303,0.50633484
1968,2,World,489.690975,0.427582886
1968,100,RnB,183.8036285,0.486706019
1968,273,Rock,222.5871164,0.524362557
1968,3,Electronic,140.19873,0.483354575
1968,0,Rap,0,0
1968,0,Metal,0,0
1968,0,New Age,0,0
1968,0,Punk,0,0
1969,85,Blues,233.0803245,0.46591985
1969,33,Reggae,171.4388045,0.438176412
1969,29,Country,188.3595183,0.334937626
1969,55,Jazz,302.2030344,0.452291408
1969,46,Folk,220.5235574,0.530947592
1969,1,Latin,328.01914,0.243885279
1969,19,Pop,171.02047,0.501331109
1969,0,World,0,0
1969,137,RnB,193.9453831,0.491889396
1969,326,Rock,255.6569098,0.536227188
1969,3,Electronic,162.34186,0.397940784
1969,0,Rap,0,0
1969,0,Metal,0,0
1969,0,New Age,0,0
1969,0,Punk,0,0
1970,33,Blues,271.0207455,0.548456003
1970,23,Reggae,184.770443,0.495144576
1970,48,Country,187.3573688,0.5052792
1970,51,Jazz,356.7082455,0.41398008
1970,57,Folk,229.2277037,0.588297808
1970,7,Latin,286.4322,0.380616998
1970,17,Pop,161.0797853,0.467294089
1970,0,World,0,0
1970,128,RnB,209.6248524,0.452901134
1970,335,Rock,273.128855,0.550184877
1970,10,Electronic,420.986321,0.626079885
1970,0,Rap,0,0
1970,0,Metal,320.37179,0
1970,0,New Age,0,0
1970,0,Punk,0,0
1971,26,Blues,253.4586365,0.473962845
1971,3,Reggae,151.6055333,0.580494725
1971,25,Country,182.6456204,0.561144572
1971,65,Jazz,312.6189497,0.478302939
1971,69,Folk,218.9988012,0.500180347
1971,4,Latin,354.5138325,0.476412638
1971,21,Pop,214.3740462,0.508926713
1971,1,World,332.48608,0.503381236
1971,104,RnB,222.3744288,0.401368493
1971,356,Rock,263.1575375,0.506671146
1971,0,Electronic,0,0
1971,2,Rap,162.233015,0.455520084
1971,6,Metal,213.028115,0.62656805
1971,0,New Age,0,0
1971,0,Punk,0,0
1972,46,Blues,258.7906726,0.458249871
1972,9,Reggae,179.1705222,0.664045057
1972,23,Country,177.402777,0.38928357
1972,43,Jazz,349.2111274,0.451460707
1972,38,Folk,208.2428984,0.530114207
1972,11,Latin,283.4946127,0.389926032
1972,33,Pop,219.5611052,0.529365117
1972,0,World,0,0
1972,160,RnB,224.2766077,0.460664728
1972,451,Rock,263.7726257,0.482969013
1972,0,Electronic,0,0
1972,0,Rap,0,0
1972,2,Metal,177.10975,0.68522443
1972,1,New Age,203.98975,0.539987034
1972,0,Punk,0,0
1973,20,Blues,277.192689,0.495526126
1973,13,Reggae,214.3985408,0.4753174
1973,36,Country,182.1296136,0.470578925
1973,83,Jazz,371.9762959,0.448648251
1973,39,Folk,227.2527956,0.494986525
1973,7,Latin,302.73634,0.384514526
1973,35,Pop,210.7300883,0.413395694
1973,3,World,919.02213,0.455917048
1973,175,RnB,263.0806708,0.468384213
1973,415,Rock,262.2927906,0.479427352
1973,0,Electronic,0,0
1973,0,Rap,0,0
1973,6,Metal,314.8882533,0.679175273
1973,1,New Age,352.78322,0.810231443
1973,0,Punk,0,0
1974,29,Blues,230.5914107,0.471643286
1974,22,Reggae,202.4022182,0.415985745
1974,41,Country,179.6073117,0.4087565
1974,62,Jazz,422.6148455,0.46318184
1974,30,Folk,242.6544587,0.457828926
1974,11,Latin,196.01053,0.627329658
1974,32,Pop,218.7211794,0.535185918
1974,0,World,0,0
1974,136,RnB,240.5759692,0.493475045
1974,396,Rock,261.3617068,0.508062053
1974,0,Electronic,658.1807725,0
1974,0,Rap,0,0
1974,1,Metal,268.12036,0.499665936
1974,0,New Age,0,0
1974,0,Punk,0,0
1975,15,Blues,294.9498587,0.369098525
1975,35,Reggae,194.2878729,0.438133163
1975,36,Country,195.3787753,0.39303884
1975,91,Jazz,326.8929869,0.467003322
1975,18,Folk,227.5971883,0.468718106
1975,20,Latin,295.123139,0.507955791
1975,51,Pop,209.8591063,0.488196232
1975,5,World,241.297832,0.449708872
1975,155,RnB,264.4345697,0.458591558
1975,399,Rock,260.6315348,0.506686984
1975,0,Electronic,0,0
1975,0,Rap,0,0
1975,0,Metal,0,0
1975,0,New Age,0,0
1975,1,Punk,248.13669,0.553245721
1976,0,Blues,247.45751,0
1976,69,Reggae,241.3259228,0.479358542
1976,32,Country,193.5530163,0.436658351
1976,73,Jazz,335.1301696,0.536482943
1976,26,Folk,260.9306608,0.445744647
1976,8,Latin,258.86322,0.420996692
1976,50,Pop,258.644705,0.462683108
1976,3,World,258.4550567,0.375984302
1976,117,RnB,248.1143619,0.444463257
1976,374,Rock,254.8516956,0.524691142
1976,0,Electronic,0,0
1976,0,Rap,0,0
1976,1,Metal,297.53424,0.613040082
1976,3,New Age,236.0071667,0.631758755
1976,6,Punk,176.53941,0.618839422
1977,6,Blues,258.4028117,0.43563742
1977,61,Reggae,236.8175325,0.479270523
1977,25,Country,219.824134,0.34356984
1977,59,Jazz,368.1950219,0.494685476
1977,21,Folk,302.8619767,0.441205743
1977,1,Latin,263.65342,0.405115722
1977,54,Pop,262.2007256,0.494400713
1977,0,World,0,0
1977,98,RnB,284.3304091,0.414190815
1977,453,Rock,256.524648,0.512859132
1977,4,Electronic,360.24118,0.311598377
1977,0,Rap,0,0
1977,3,Metal,241.7105667,0.485954585
1977,1,New Age,508.1073,0.653628682
1977,54,Punk,164.8051096,0.547571535
1978,24,Blues,263.6087988,0.596276572
1978,55,Reggae,245.765246,0.524714
1978,36,Country,195.2314728,0.408617493
1978,76,Jazz,352.9712324,0.467770689
1978,9,Folk,243.9919289,0.400145679
1978,4,Latin,276.068115,0.200743356
1978,64,Pop,252.6840361,0.464413217
1978,1,World,310.7522,0.531825701
1978,84,RnB,283.5916945,0.410542048
1978,566,Rock,250.4438186,0.501043
1978,4,Electronic,694.0207725,0.600026133
1978,0,Rap,0,0
1978,0,Metal,156.70812,0
1978,0,New Age,0,0
1978,90,Punk,163.4160724,0.576062688
1979,18,Blues,228.7581844,0.37127799
1979,80,Reggae,249.5424035,0.470046549
1979,48,Country,190.2264856,0.402694782
1979,62,Jazz,316.5143065,0.400446661
1979,20,Folk,255.5841995,0.540753684
1979,8,Latin,368.7179125,0.471446882
1979,77,Pop,293.9344317,0.531010049
1979,0,World,0,0
1979,90,RnB,293.4074741,0.44379608
1979,572,Rock,243.4001232,0.517764367
1979,16,Electronic,321.6126088,0.478194522
1979,0,Rap,236.72118,0
1979,19,Metal,239.3499226,0.605931045
1979,5,New Age,286.521016,0.658651278
1979,71,Punk,175.2447546,0.551058309
1980,14,Blues,206.1747086,0.539668893
1980,118,Reggae,229.2269144,0.470271456
1980,31,Country,187.0539768,0.450525841
1980,38,Jazz,331.5023605,0.446873847
1980,26,Folk,278.6637854,0.449694121
1980,3,Latin,358.00771,0.603585341
1980,57,Pop,245.115193,0.504118396
1980,0,World,0,0
1980,81,RnB,300.0613464,0.427993998
1980,596,Rock,236.7358622,0.50540663
1980,24,Electronic,321.5984575,0.453891286
1980,8,Rap,324.2836275,0.440634184
1980,22,Metal,280.5035914,0.644419596
1980,8,New Age,253.3024038,0.596261181
1980,74,Punk,172.0335231,0.665099128
1981,13,Blues,228.6392954,0.455800219
1981,74,Reggae,247.3459561,0.431519536
1981,26,Country,208.5913196,0.420372062
1981,23,Jazz,334.800753,0.406144098
1981,9,Folk,258.52762,0.442024944
1981,4,Latin,316.2313825,0.473351927
1981,48,Pop,233.2392744,0.479295311
1981,3,World,231.7405,0.419125893
1981,55,RnB,280.3846147,0.440628546
1981,686,Rock,240.2205974,0.50261287
1981,16,Electronic,265.7644444,0.485300419
1981,3,Rap,357.94676,0.384061954
1981,17,Metal,265.9813953,0.612719661
1981,19,New Age,290.6681605,0.576758563
1981,98,Punk,146.7767896,0.600141053
1982,9,Blues,253.4830844,0.291308262
1982,89,Reggae,258.8147318,0.449640267
1982,47,Country,204.5344313,0.456423648
1982,45,Jazz,316.5322264,0.443155668
1982,7,Folk,229.7203614,0.336106121
1982,11,Latin,357.0673009,0.310356522
1982,60,Pop,224.329996,0.470439886
1982,0,World,0,0
1982,59,RnB,305.3156307,0.420592504
1982,660,Rock,239.5423642,0.527007785
1982,18,Electronic,220.91855,0.490582446
1982,4,Rap,319.3138325,0.67273636
1982,25,Metal,253.4238728,0.516613533
1982,0,New Age,273.03138,0
1982,128,Punk,157.1421995,0.604660557
1983,10,Blues,209.11759,0.516779775
1983,47,Reggae,229.4997113,0.486390777
1983,10,Country,211.008852,0.398783083
1983,77,Jazz,296.5066445,0.410274311
1983,23,Folk,232.489343,0.449756064
1983,5,Latin,313.803302,0.443291312
1983,53,Pop,241.0008247,0.470740823
1983,0,World,284.9867567,0
1983,51,RnB,288.6141924,0.465056001
1983,642,Rock,238.5783145,0.517256948
1983,26,Electronic,230.7964062,0.556796055
1983,3,Rap,255.37261,0.657733045
1983,40,Metal,258.5203633,0.627184259
1983,19,New Age,318.6013084,0.557652735
1983,61,Punk,132.8459033,0.472802602
1984,7,Blues,170.4522586,0.458415515
1984,50,Reggae,239.9081174,0.443001388
1984,27,Country,202.9100233,0.397174448
1984,48,Jazz,313.580499,0.364790266
1984,22,Folk,190.0783586,0.53666931
1984,7,Latin,285.6746486,0.585899097
1984,86,Pop,232.5218433,0.475164981
1984,2,World,642.298325,0.407847765
1984,44,RnB,310.0955757,0.493284155
1984,606,Rock,241.6819874,0.505943012
1984,15,Electronic,277.6062947,0.504308405
1984,8,Rap,300.08771,0.601240652
1984,54,Metal,276.0949663,0.578090997
1984,21,New Age,260.3134829,0.566746808
1984,55,Punk,132.2727045,0.549799808
1985,20,Blues,225.301751,0.513588581
1985,36,Reggae,229.7588214,0.432388802
1985,48,Country,212.8414515,0.457487988
1985,104,Jazz,295.4818704,0.402162835
1985,23,Folk,253.5508504,0.479160775
1985,2,Latin,273.61914,0.460484845
1985,71,Pop,260.9127739,0.514702419
1985,0,World,292.23138,0
1985,61,RnB,271.6605969,0.409173656
1985,578,Rock,249.5617638,0.534521026
1985,17,Electronic,321.1796671,0.454771386
1985,17,Rap,267.7331359,0.51544671
1985,67,Metal,263.1738624,0.595871499
1985,4,New Age,226.546485,0.434266085
1985,64,Punk,157.8064853,0.583889939
1986,37,Blues,236.1005946,0.462802842
1986,27,Reggae,237.3684352,0.352313301
1986,32,Country,208.2248528,0.454971243
1986,135,Jazz,312.6377249,0.41518523
1986,21,Folk,198.7689919,0.480309702
1986,1,Latin,199.07873,0.419674279
1986,96,Pop,224.1375057,0.494206799
1986,1,World,235.10159,0.51118122
1986,93,RnB,254.5928668,0.461716587
1986,736,Rock,244.3090408,0.503273828
1986,31,Electronic,266.9431668,0.53546297
1986,18,Rap,224.5074828,0.660118625
1986,45,Metal,262.9614696,0.592450717
1986,14,New Age,283.7602457,0.513686909
1986,64,Punk,157.251792,0.587781396
1987,27,Blues,241.4522444,0.354949661
1987,44,Reggae,250.8047418,0.349528501
1987,70,Country,197.7845497,0.388468996
1987,174,Jazz,263.0270861,0.417410709
1987,27,Folk,223.3029489,0.445413466
1987,1,Latin,314.20036,0.392008771
1987,140,Pop,246.4723166,0.49761891
1987,9,World,240.71501,0.443745178
1987,67,RnB,248.0349294,0.4953807
1987,750,Rock,240.9221217,0.506416859
1987,26,Electronic,263.1500642,0.428582325
1987,39,Rap,252.4442144,0.471262179
1987,85,Metal,222.01424,0.580711965
1987,27,New Age,275.164717,0.656400746
1987,29,Punk,184.0727341,0.591954523
1988,43,Blues,203.1015884,0.538304298
1988,44,Reggae,201.9248895,0.496036824
1988,105,Country,204.7229209,0.427783559
1988,230,Jazz,279.9120363,0.387608963
1988,34,Folk,228.3135921,0.437101049
1988,12,Latin,271.8841717,0.373277652
1988,111,Pop,235.7739465,0.450079416
1988,7,World,184.8942429,0.403953953
1988,73,RnB,268.2817497,0.41457192
1988,791,Rock,239.7386028,0.513075579
1988,22,Electronic,378.2241095,0.478800783
1988,100,Rap,239.3919382,0.570050836
1988,99,Metal,246.8120965,0.602843609
1988,33,New Age,288.7151439,0.662452859
1988,16,Punk,144.1595469,0.538015189
1989,96,Blues,207.7366895,0.438864355
1989,39,Reggae,243.4795259,0.461569567
1989,140,Country,187.6436279,0.430713731
1989,210,Jazz,283.619185,0.468928551
1989,30,Folk,194.2626207,0.371156642
1989,17,Latin,169.4973612,0.492318507
1989,160,Pop,250.5358729,0.480809264
1989,21,World,376.3941814,0.342767026
1989,71,RnB,240.5917169,0.503272865
1989,1009,Rock,249.4522615,0.512758718
1989,41,Electronic,337.834808,0.487728861
1989,83,Rap,239.2685902,0.473578759
1989,43,Metal,213.3598121,0.547195277
1989,38,New Age,346.6052608,0.417831032
1989,25,Punk,170.8466316,0.488524605
1990,172,Blues,199.0914876,0.489900463
1990,67,Reggae,221.7662727,0.399857087
1990,164,Country,176.5277299,0.470836328
1990,236,Jazz,287.2407776,0.47527831
1990,23,Folk,225.0126443,0.447503452
1990,27,Latin,247.7990326,0.395874076
1990,158,Pop,241.8231578,0.479846778
1990,8,World,396.864855,0.484358953
1990,104,RnB,281.1504413,0.469496553
1990,916,Rock,244.4694798,0.497899754
1990,84,Electronic,296.4339875,0.466047092
1990,95,Rap,242.9770934,0.544738395
1990,88,Metal,255.094463,0.584231976
1990,20,New Age,300.8204455,0.469458751
1990,49,Punk,183.6424949,0.553530736
1991,214,Blues,209.3679235,0.388431555
1991,66,Reggae,216.7834185,0.439683932
1991,184,Country,187.8435214,0.45504254
1991,321,Jazz,266.9873322,0.410213049
1991,49,Folk,224.6797963,0.451220541
1991,43,Latin,265.4327888,0.39467379
1991,211,Pop,247.0000536,0.457604613
1991,32,World,297.7121997,0.455393186
1991,119,RnB,242.9170282,0.46973809
1991,1140,Rock,251.9218093,0.517175105
1991,125,Electronic,315.717973,0.479789304
1991,127,Rap,218.3132861,0.571703648
1991,108,Metal,277.7624491,0.576993985
1991,19,New Age,377.1939611,0.599393119
1991,34,Punk,162.9997868,0.505065385
1992,152,Blues,226.2012219,0.41092921
1992,94,Reggae,241.3932068,0.434593639
1992,237,Country,194.5122615,0.443860599
1992,308,Jazz,294.6167868,0.422481967
1992,51,Folk,262.9322404,0.454918823
1992,42,Latin,268.3094393,0.477708222
1992,179,Pop,242.7395577,0.462731773
1992,28,World,217.8710329,0.424934026
1992,119,RnB,243.2972314,0.486126927
1992,1216,Rock,250.4735101,0.504618458
1992,159,Electronic,325.236194,0.457979203
1992,138,Rap,221.8616701,0.602608222
1992,112,Metal,277.2674179,0.603691437
1992,36,New Age,274.1386858,0.479807101
1992,59,Punk,172.6560944,0.555066036
1993,108,Blues,224.2900378,0.441516153
1993,155,Reggae,209.9969027,0.42631441
1993,173,Country,201.9303047,0.41966716
1993,310,Jazz,284.6428959,0.383229919
1993,51,Folk,217.7660133,0.424868396
1993,31,Latin,262.2588219,0.440044856
1993,176,Pop,257.7588045,0.453572154
1993,39,World,318.63783,0.439448668
1993,133,RnB,267.9050985,0.473712618
1993,1337,Rock,250.7477229,0.518831442
1993,218,Electronic,362.0975507,0.471368645
1993,183,Rap,227.5217945,0.520843955
1993,125,Metal,270.247357,0.572870888
1993,24,New Age,287.2985942,0.636116767
1993,30,Punk,182.6302947,0.53492175
1994,211,Blues,224.08658,0.385565856
1994,159,Reggae,217.6920428,0.400538512
1994,215,Country,194.162728,0.439616238
1994,316,Jazz,291.1774748,0.446400913
1994,35,Folk,223.0912314,0.50189132
1994,59,Latin,265.8370839,0.384971912
1994,128,Pop,265.4677098,0.488342067
1994,45,World,261.2919547,0.387420592
1994,153,RnB,251.3856052,0.433937832
1994,1356,Rock,243.7386013,0.519134205
1994,268,Electronic,376.4249136,0.478962184
1994,148,Rap,228.6041572,0.574872084
1994,147,Metal,266.4199156,0.568598509
1994,42,New Age,289.7820926,0.555450342
1994,87,Punk,163.1687701,0.550985399
1995,184,Blues,245.4188193,0.356982077
1995,137,Reggae,236.3520324,0.474956274
1995,242,Country,190.5041984,0.454599933
1995,297,Jazz,298.8936632,0.389277477
1995,53,Folk,228.875573,0.438549827
1995,63,Latin,267.830113,0.494897187
1995,238,Pop,254.0241185,0.506374081
1995,52,World,295.6745221,0.418748995
1995,160,RnB,270.3445261,0.480494727
1995,1673,Rock,244.8038364,0.526794876
1995,423,Electronic,374.1026585,0.508916902
1995,242,Rap,247.9314876,0.578028743
1995,166,Metal,281.4053589,0.584709092
1995,49,New Age,298.8526243,0.6186522
1995,69,Punk,158.0221909,0.520872146
1996,136,Blues,219.7385141,0.430005946
1996,174,Reggae,239.5848903,0.422488081
1996,175,Country,205.3119942,0.490662511
1996,377,Jazz,285.3512014,0.45237692
1996,88,Folk,231.6608455,0.460946166
1996,63,Latin,248.8366048,0.418576877
1996,205,Pop,252.4298184,0.511304332
1996,51,World,309.2826835,0.39718804
1996,197,RnB,265.6549077,0.512822902
1996,1631,Rock,239.2347161,0.522489566
1996,466,Electronic,333.8353634,0.471492253
1996,209,Rap,233.148778,0.583142258
1996,210,Metal,286.5496263,0.566322993
1996,42,New Age,305.0674574,0.430867191
1996,129,Punk,179.627226,0.513503971
1997,184,Blues,254.7923772,0.412579275
1997,265,Reggae,218.4172283,0.466583914
1997,208,Country,203.2743975,0.434669785
1997,294,Jazz,308.3547095,0.390897017
1997,109,Folk,230.4371727,0.436338445
1997,111,Latin,263.0271912,0.475023984
1997,287,Pop,256.7313391,0.498441077
1997,44,World,285.4181727,0.45293275
1997,163,RnB,264.1850079,0.492975771
1997,1583,Rock,240.0081192,0.529075681
1997,594,Electronic,351.5880961,0.498182984
1997,192,Rap,228.5213152,0.534363835
1997,162,Metal,271.7588007,0.536777338
1997,67,New Age,257.4245843,0.540055385
1997,134,Punk,157.752821,0.503044177
1998,153,Blues,238.1200105,0.424712945
1998,238,Reggae,223.6765279,0.460341322
1998,229,Country,214.953422,0.443119006
1998,337,Jazz,291.4729794,0.470431816
1998,82,Folk,247.8260868,0.437436221
1998,76,Latin,252.5568822,0.508429151
1998,268,Pop,250.5159765,0.484321164
1998,62,World,302.5446947,0.418582584
1998,174,RnB,269.3963095,0.484866626
1998,1629,Rock,246.8905732,0.514172387
1998,518,Electronic,319.7989886,0.474526061
1998,318,Rap,242.997467,0.542934865
1998,250,Metal,267.0119351,0.556704811
1998,41,New Age,321.3470824,0.497832018
1998,90,Punk,168.6629113,0.567383137
1999,116,Blues,237.2913692,0.37621179
1999,202,Reggae,209.8516541,0.416955549
1999,243,Country,213.1169126,0.473477166
1999,402,Jazz,312.1010147,0.455092518
1999,89,Folk,215.1132178,0.4251876
1999,150,Latin,270.3109912,0.456300811
1999,347,Pop,245.2486153,0.527936635
1999,74,World,351.1452719,0.454306054
1999,167,RnB,253.0225259,0.49942782
1999,1806,Rock,247.8402878,0.520564868
1999,707,Electronic,320.2836049,0.51471583
1999,387,Rap,234.341944,0.545516827
1999,343,Metal,271.2670899,0.56456004
1999,58,New Age,277.6780269,0.526774669
1999,144,Punk,160.6963266,0.519733451
2000,147,Blues,226.9128216,0.404028288
2000,303,Reggae,216.6294811,0.472966947
2000,279,Country,205.1745298,0.476845895
2000,464,Jazz,297.3408554,0.454935188
2000,106,Folk,237.3528006,0.469551808
2000,136,Latin,254.2629799,0.472573961
2000,409,Pop,244.8695309,0.508494549
2000,64,World,334.1868936,0.499698685
2000,224,RnB,262.2878266,0.540057788
2000,1766,Rock,249.0399593,0.538584354
2000,760,Electronic,320.9730546,0.492345154
2000,364,Rap,228.1115357,0.544870198
2000,379,Metal,251.7696397,0.56501244
2000,40,New Age,285.1508925,0.556683297
2000,138,Punk,171.7385587,0.495843652
2001,154,Blues,248.3385445,0.355709548
2001,303,Reggae,244.3865225,0.424878372
2001,273,Country,233.2628729,0.50157027
2001,405,Jazz,314.7342927,0.454555861
2001,100,Folk,232.8500938,0.344504503
2001,126,Latin,257.2536313,0.435815073
2001,490,Pop,242.8656591,0.537214788
2001,114,World,317.576575,0.415579287
2001,293,RnB,248.638811,0.541004609
2001,2351,Rock,243.5649607,0.540599712
2001,998,Electronic,320.1279339,0.518162945
2001,392,Rap,233.4830616,0.532889217
2001,359,Metal,273.6123348,0.587990964
2001,52,New Age,310.0122308,0.518763534
2001,177,Punk,158.5384602,0.541749615
2002,111,Blues,246.5180388,0.414430075
2002,279,Reggae,213.423138,0.481219056
2002,337,Country,227.5576256,0.525583224
2002,426,Jazz,289.1565382,0.49109855
2002,88,Folk,237.659806,0.478324433
2002,150,Latin,238.5544523,0.406924929
2002,465,Pop,242.5262616,0.535710394
2002,97,World,300.5243185,0.507031347
2002,306,RnB,253.9601175,0.52089786
2002,2516,Rock,240.3173039,0.550477599
2002,1096,Electronic,305.30064,0.529306025
2002,485,Rap,231.9745417,0.512921284
2002,407,Metal,265.7263397,0.593603867
2002,26,New Age,304.9851669,0.5829737
2002,110,Punk,176.0883626,0.533205955
2003,170,Blues,240.4273399,0.483565603
2003,265,Reggae,220.5915034,0.462474252
2003,336,Country,217.852763,0.487560586
2003,513,Jazz,290.9480223,0.471141126
2003,205,Folk,237.0686717,0.483593808
2003,148,Latin,256.1712839,0.461618766
2003,659,Pop,245.3865782,0.545688038
2003,109,World,275.9067701,0.473510517
2003,332,RnB,243.5555829,0.550954694
2003,3110,Rock,239.6702524,0.555268986
2003,1372,Electronic,299.9945104,0.488754045
2003,653,Rap,225.8051959,0.506183104
2003,574,Metal,264.3094433,0.60239077
2003,54,New Age,284.6650643,0.542531296
2003,125,Punk,169.2884801,0.565510677
2004,160,Blues,238.0890156,0.43713893
2004,288,Reggae,234.8048072,0.472980189
2004,347,Country,215.9607579,0.469546404
2004,500,Jazz,286.9364151,0.499650416
2004,173,Folk,225.054411,0.559623748
2004,138,Latin,252.8160151,0.444198212
2004,729,Pop,237.750633,0.530426594
2004,60,World,283.0132065,0.506554671
2004,340,RnB,240.9980386,0.487924798
2004,3374,Rock,237.6436561,0.536341465
2004,1364,Electronic,304.590902,0.505182812
2004,691,Rap,222.3840376,0.515267223
2004,638,Metal,274.2169658,0.614778021
2004,21,New Age,351.8129576,0.335805169
2004,87,Punk,179.0064805,0.556009861
2005,133,Blues,219.8252577,0.410401711
2005,345,Reggae,241.2800389,0.458611777
2005,455,Country,213.5803064,0.499452956
2005,488,Jazz,289.3342537,0.490194696
2005,236,Folk,238.8694183,0.507639781
2005,101,Latin,248.799837,0.532681064
2005,856,Pop,232.2012937,0.525703841
2005,116,World,295.8383084,0.49853777
2005,474,RnB,243.6222453,0.523984724
2005,4301,Rock,235.8558621,0.551953856
2005,1501,Electronic,320.4476831,0.510025977
2005,782,Rap,220.9061745,0.497887173
2005,633,Metal,260.1867316,0.568312926
2005,28,New Age,267.3684089,0.612789173
2005,108,Punk,146.4311109,0.581277359
2006,189,Blues,254.3411165,0.434163858
2006,294,Reggae,237.2353649,0.470563891
2006,390,Country,214.5978093,0.518780794
2006,623,Jazz,286.2620893,0.484934889
2006,405,Folk,237.4879535,0.557628168
2006,124,Latin,236.5558072,0.518639194
2006,871,Pop,234.9957777,0.517500526
2006,104,World,309.3029053,0.484440678
2006,442,RnB,237.6211033,0.540677642
2006,4558,Rock,236.5907045,0.546163686
2006,1743,Electronic,318.0695276,0.50257466
2006,719,Rap,217.6047054,0.507331352
2006,733,Metal,264.5004613,0.601869871
2006,27,New Age,271.4021163,0.51549605
2006,125,Punk,158.6645854,0.554109102
2007,117,Blues,252.5018177,0.460151105
2007,435,Reggae,220.7320184,0.474306538
2007,320,Country,221.8471385,0.523060623
2007,589,Jazz,290.6440787,0.480661736
2007,287,Folk,231.0251199,0.545048572
2007,95,Latin,249.3660945,0.477850637
2007,1061,Pop,234.6903248,0.562882802
2007,101,World,306.5806257,0.488369562
2007,378,RnB,233.8281528,0.522066582
2007,4792,Rock,238.1717164,0.568318791
2007,1993,Electronic,318.0393142,0.52645625
2007,655,Rap,220.9924459,0.519625742
2007,842,Metal,277.1976967,0.604000879
2007,13,New Age,277.7575354,0.644694545
2007,107,Punk,177.6966512,0.610373905
2008,78,Blues,259.4450306,0.468041509
2008,219,Reggae,227.4963762,0.472080817
2008,315,Country,224.330431,0.559910308
2008,359,Jazz,311.1624457,0.47102144
2008,189,Folk,238.9241722,0.526944832
2008,54,Latin,250.8127887,0.545597887
2008,886,Pop,229.6804713,0.567349079
2008,73,World,298.6091968,0.515335487
2008,443,RnB,238.3905984,0.594098323
2008,4291,Rock,237.4114664,0.588751574
2008,1534,Electronic,314.3370884,0.552031384
2008,468,Rap,218.6701344,0.558754055
2008,620,Metal,269.4227778,0.608569815
2008,25,New Age,259.5783224,0.616952868
2008,28,Punk,189.1139486,0.597685164
2009,52,Blues,293.8886517,0.44054728
2009,160,Reggae,248.3458318,0.520633724
2009,183,Country,216.3271121,0.537458833
2009,201,Jazz,327.277053,0.502575049
2009,206,Folk,236.158659,0.606656876
2009,23,Latin,267.7262535,0.568438747
2009,752,Pop,227.2611357,0.613005576
2009,34,World,263.2224038,0.514101541
2009,311,RnB,238.8545685,0.600601421
2009,3152,Rock,239.923765,0.622011818
2009,1300,Electronic,313.7288526,0.566847139
2009,516,Rap,212.8054193,0.596923396
2009,467,Metal,262.3405334,0.630779092
2009,7,New Age,282.3981486,0.305489025
2009,65,Punk,168.7268558,0.609785181
2010,27,Blues,238.2701437,0.512509921
2010,29,Reggae,209.8393776,0.570338336
2010,75,Country,215.1698108,0.543212129
2010,42,Jazz,359.8524521,0.565878624
2010,34,Folk,226.3021632,0.785133098
2010,22,Latin,251.2476355,0.465680179
2010,172,Pop,232.184074,0.615598063
2010,6,World,373.56798,0.481565737
2010,98,RnB,235.3633447,0.637103303
2010,1116,Rock,234.9498853,0.653157227
2010,532,Electronic,301.1960481,0.620847146
2010,105,Rap,213.2119704,0.548204043
2010,132,Metal,291.6376914,0.684851462
2010,1,New Age,143.5424,0.589187648
2010,8,Punk,176.6624025,0.665460442
