,year,genre,song_hotttnesss,duration,count
0,1922,Blues,0,180.40118,0
1,1922,Reggae,0,222.837095,0
2,1922,Country,0,0,0
3,1922,Jazz,0,0,0
4,1922,Folk,0,0,0
5,1922,Latin,0,0,0
6,1922,Pop,0,0,0
7,1922,World,0,0,0
8,1922,RnB,0,0,0
9,1922,Rock,0,0,0
10,1922,Electronic,0,0,0
11,1922,Rap,0,0,0
12,1922,Metal,0,0,0
13,1922,New Age,0,0,0
14,1922,Punk,0,0,0
15,1924,Blues,1,177.84118,0
16,1924,Reggae,1,174.99383,0
17,1924,Country,2,176.14322,0
18,1924,Jazz,2,168.35873,0
19,1924,Folk,3,184.1802267,0
20,1924,Latin,1,169.61261,0
21,1924,Pop,2,173.49179,0
22,1924,World,2,186.330975,0
23,1924,RnB,4,189.1260775,0
24,1924,Rock,1,149.41995,0
25,1924,Electronic,1,161.04444,0
26,1924,Rap,2,160.44363,0
27,1924,Metal,3,193.1837633,0
28,1924,New Age,1,186.06975,0
29,1924,Punk,1,161.802,0
30,1925,Blues,2,165.2371,4
31,1925,Reggae,1,166.05995,0
32,1925,Country,1,148.34893,0
33,1925,Jazz,1,190.11873,0
34,1925,Folk,4,175.6273025,0
35,1925,Latin,1,183.11791,0
36,1925,Pop,1,194.63791,0
37,1925,World,3,186.9927433,0
38,1925,RnB,1,138.94485,0
39,1925,Rock,1,167.05261,0
40,1925,Electronic,4,160.2673025,0
41,1925,Rap,1,507.71546,0
42,1925,Metal,2,182.03383,0
43,1925,New Age,1,204.69506,0
44,1925,Punk,1,161.56689,0
45,1926,Blues,1,209.81506,9
46,1926,Reggae,1,173.71383,0
47,1926,Country,1,188.15955,0
48,1926,Jazz,1,136.12363,0
49,1926,Folk,5,187.49081,0
50,1926,Latin,1,166.60853,0
51,1926,Pop,1,541.6224,0
52,1926,World,5,170.297014,0
53,1926,RnB,4,246.1056675,0
54,1926,Rock,2,210.57261,0
55,1926,Electronic,7,205.1279414,0
56,1926,Rap,1,84.55791,0
57,1926,Metal,22,200.1746859,0
58,1926,New Age,2,167.235465,0
59,1926,Punk,1,140.90404,0
60,1927,Blues,7,169.9820529,0
61,1927,Reggae,1,144.8224,0
62,1927,Country,22,359.2556505,0
63,1927,Jazz,1,162.82077,3
64,1927,Folk,1,144.74404,0
65,1927,Latin,8,169.5179125,0
66,1927,Pop,1,152.97261,0
67,1927,World,1,143.15057,0
68,1927,RnB,37,315.5078976,0
69,1927,Rock,3,159.39873,0
70,1927,Electronic,4,136.22159,0
71,1927,Rap,4,163.0036275,0
72,1927,Metal,3,162.0719267,0
73,1927,New Age,4,149.524445,0
74,1927,Punk,19,282.42034,0
75,1928,Blues,1,140.19873,0
76,1928,Reggae,2,151.222405,0
77,1928,Country,5,140.459958,0
78,1928,Jazz,1,153.3122,0
79,1928,Folk,7,140.8144729,0
80,1928,Latin,1,148.27057,0
81,1928,Pop,23,252.8659891,0
82,1928,World,7,147.9832214,0
83,1928,RnB,9,140.2335611,0
84,1928,Rock,17,190.9669418,0
85,1928,Electronic,6,169.7736967,0
86,1928,Rap,2,182.791385,0
87,1928,Metal,33,265.5120758,0
88,1928,New Age,1,234.37016,0
89,1928,Punk,2,156.53832,0
90,1929,Blues,10,170.903056,24
91,1929,Reggae,1,147.85261,0
92,1929,Country,3,177.7541067,0
93,1929,Jazz,6,138.5181867,0
94,1929,Folk,1,211.06893,1
95,1929,Latin,20,339.8643625,0
96,1929,Pop,2,153.42975,0
97,1929,World,7,145.0015286,0
98,1929,RnB,6,142.9415867,0
99,1929,Rock,21,197.0983995,0
100,1929,Electronic,4,154.6248525,0
101,1929,Rap,2,160.522,0
102,1929,Metal,18,341.9206344,0
103,1929,New Age,4,210.7685275,0
104,1929,Punk,4,156.910565,0
105,1930,Blues,11,172.3008455,18
106,1930,Reggae,10,152.053099,0
107,1930,Country,1,153.18159,0
108,1930,Jazz,2,170.017505,0
109,1930,Folk,9,145.0400911,0
110,1930,Latin,1,254.30159,0
111,1930,Pop,4,171.4150575,0
112,1930,World,21,258.4936171,0
113,1930,RnB,1,185.02485,0
114,1930,Rock,10,147.149913,0
115,1930,Electronic,18,161.3477561,0
116,1930,Rap,12,139.5217233,0
117,1930,Metal,12,194.5834925,0
118,1930,New Age,1,132.51873,0
119,1930,Punk,14,235.0362807,0
120,1931,Blues,34,333.9643006,10
121,1931,Reggae,1,136.14975,0
122,1931,Country,15,159.80624,0
123,1931,Jazz,16,149.9113825,0
124,1931,Folk,38,165.2797176,0
125,1931,Latin,10,229.850976,0
126,1931,Pop,3,147.1124733,0
127,1931,World,24,161.6463496,0
128,1931,RnB,55,245.5367933,0
129,1931,Rock,11,159.6694536,0
130,1931,Electronic,2,128.992195,0
131,1931,Rap,28,157.3658436,0
132,1931,Metal,43,161.0195377,0
133,1931,New Age,23,191.9802387,0
134,1931,Punk,3,152.9639,0
135,1932,Blues,6,131.617505,0
136,1932,Reggae,19,182.3947353,0
137,1932,Country,20,280.821098,0
138,1932,Jazz,15,166.3629747,0
139,1932,Folk,1,171.78077,0
140,1932,Latin,38,170.5976992,0
141,1932,Pop,63,162.7950635,0
142,1932,World,11,223.2206236,0
143,1932,RnB,11,151.9063355,0
144,1932,Rock,24,242.1209071,0
145,1932,Electronic,16,392.94322,0
146,1932,Rap,1,244.50567,0
147,1932,Metal,13,162.4450085,0
148,1932,New Age,7,177.4045614,0
149,1932,Punk,53,176.6124383,0
150,1933,Blues,102,181.503444,0
151,1933,Reggae,23,308.4738674,0
152,1933,Country,8,159.6338325,0
153,1933,Jazz,2,141.80526,0
154,1933,Folk,20,219.6984855,0
155,1933,Latin,22,265.0937214,0
156,1933,Pop,3,245.8030867,0
157,1933,World,17,184.0275912,0
158,1933,RnB,2,164.23138,0
159,1933,Rock,56,176.9693429,0
160,1933,Electronic,156,223.5398922,0
161,1933,Rap,1,732.78649,0
162,1933,Metal,39,230.5750354,0
163,1933,New Age,10,190.528852,0
164,1933,Punk,2,170.226485,0
165,1934,Blues,25,225.879318,11
166,1934,Reggae,25,333.3052772,0
167,1934,Country,1,328.01914,0
168,1934,Jazz,10,165.187465,0
169,1934,Folk,14,172.97494,0
170,1934,Latin,68,188.0758015,0
171,1934,Pop,182,249.7736485,0
172,1934,World,16,259.1064856,0
173,1934,RnB,14,184.782285,0
174,1934,Rock,8,478.7717913,0
175,1934,Electronic,32,219.9424047,0
176,1934,Rap,28,372.0559889,0
177,1934,Metal,3,243.6000933,0
178,1934,New Age,12,154.4964158,0
179,1934,Punk,18,186.1495694,0
180,1935,Blues,80,203.6047709,0
181,1935,Reggae,207,256.7674454,0
182,1935,Country,16,272.7375063,0
183,1935,Jazz,12,164.7603625,1
184,1935,Folk,44,219.4471164,0
185,1935,Latin,32,344.1424034,0
186,1935,Pop,1,281.5473,0
187,1935,World,2,176.27383,0
188,1935,RnB,5,230.248038,0
189,1935,Rock,2,162.233015,0
190,1935,Electronic,2,164.688525,0
191,1935,Rap,51,222.425541,0
192,1935,Metal,218,261.2361385,0
193,1935,New Age,1,332.48608,0
194,1935,Punk,24,258.3745108,0
195,1936,Blues,13,177.0514785,0
196,1936,Reggae,23,184.7852083,0
197,1936,Country,22,380.2165418,0
198,1936,Jazz,7,257.3840371,0
199,1936,Folk,2,177.10975,0
200,1936,Latin,1,203.98975,0
201,1936,Pop,10,204.590568,0
202,1936,World,5,178.541262,0
203,1936,RnB,100,222.5473997,0
204,1936,Rock,252,248.021004,0
205,1936,Electronic,10,245.597587,0
206,1936,Rap,15,199.9024567,0
207,1936,Metal,16,209.0901575,0
208,1936,New Age,46,393.9612857,0
209,1936,Punk,4,268.0093425,0
210,1937,Blues,1,298.57914,0
211,1937,Reggae,1,352.78322,0
212,1937,Country,16,197.1946481,0
213,1937,Jazz,5,230.237588,0
214,1937,Folk,101,246.435368,0
215,1937,Latin,225,242.1591762,0
216,1937,Pop,3,919.02213,0
217,1937,World,15,212.9114373,0
218,1937,RnB,15,196.6232207,0
219,1937,Rock,1,581.04118,0
220,1937,Electronic,17,239.2273982,0
221,1937,Rap,42,461.5085836,0
222,1937,Metal,8,199.0493425,0
223,1937,New Age,1,268.12036,0
224,1937,Punk,15,206.034268,0
225,1938,Blues,11,216.7470045,8
226,1938,Reggae,95,243.9392243,0
227,1938,Country,218,256.3686162,0
228,1938,Jazz,11,278.1775045,0
229,1938,Folk,21,195.9788657,0
230,1938,Latin,2,231.339955,0
231,1938,Pop,52,319.3625608,0
232,1938,World,12,310.5062133,0
233,1938,RnB,27,217.6188963,0
234,1938,Rock,1,248.13669,0
235,1938,Electronic,18,183.0424483,0
236,1938,Rap,94,263.365799,0
237,1938,Metal,215,245.5661189,0
238,1938,New Age,2,186.38322,0
239,1938,Punk,13,211.18347,0
240,1939,Blues,15,252.6227847,0
241,1939,Reggae,38,315.3098789,0
242,1939,Country,6,236.9170983,0
243,1939,Jazz,1,297.53424,0
244,1939,Folk,2,295.88853,0
245,1939,Latin,20,263.1610145,0
246,1939,Pop,5,185.0562,0
247,1939,World,39,218.5821515,0
248,1939,RnB,75,243.1723787,0
249,1939,Rock,217,252.1511203,0
250,1939,Electronic,1,296.85506,0
251,1939,Rap,3,293.3981867,0
252,1939,Metal,9,257.1112011,0
253,1939,New Age,4,360.24118,0
254,1939,Punk,12,317.2349208,0
255,1940,Blues,31,363.26422,17
256,1940,Reggae,1,263.65342,0
257,1940,Country,2,254.797915,0
258,1940,Jazz,1,508.1073,0
259,1940,Folk,27,268.32257,0
260,1940,Latin,20,170.5817505,0
261,1940,Pop,47,239.4212396,0
262,1940,World,59,267.2020927,0
263,1940,RnB,257,251.1001135,0
264,1940,Rock,19,227.9605353,0
265,1940,Electronic,12,213.1108383,0
266,1940,Rap,2,957.85751,0
267,1940,Metal,4,247.0134275,0
268,1940,New Age,45,394.0636544,0
269,1940,Punk,2,309.17179,0
270,1941,Blues,32,251.7334234,14
271,1941,Reggae,40,166.7077912,0
272,1941,Country,35,257.5683863,0
273,1941,Jazz,60,277.5244443,0
274,1941,Folk,368,248.0767072,0
275,1941,Latin,1,310.7522,0
276,1941,Pop,11,236.3150918,0
277,1941,World,26,182.249845,0
278,1941,RnB,10,283.425507,0
279,1941,Rock,16,236.5383225,0
280,1941,Electronic,42,313.9584198,0
281,1941,Rap,6,364.8126067,0
282,1941,Metal,9,226.5827667,0
283,1941,New Age,5,286.521016,0
284,1941,Punk,34,315.6593791,0
285,1942,Blues,45,156.3963893,4
286,1942,Reggae,48,245.074376,0
287,1942,Country,52,290.330975,0
288,1942,Jazz,355,242.4709143,0
289,1942,Folk,3,146.3723367,0
290,1942,Latin,10,196.390731,0
291,1942,Pop,14,326.2372143,0
292,1942,World,16,270.10567,0
293,1942,RnB,27,330.5452763,0
294,1942,Rock,3,358.00771,0
295,1942,Electronic,5,274.530812,0
296,1942,Rap,8,253.3024038,0
297,1942,Metal,32,239.8036284,0
298,1942,New Age,45,170.2888889,0
299,1942,Punk,4,351.2877075,0
300,1943,Blues,73,232.9455911,2
301,1943,Reggae,58,304.4526367,0
302,1943,Country,372,232.9969747,1
303,1943,Jazz,12,232.9595467,0
304,1943,Folk,15,211.0933147,0
305,1943,Latin,10,277.644607,0
306,1943,Pop,2,262.09914,0
307,1943,World,18,376.9668022,0
308,1943,RnB,3,346.7750567,0
309,1943,Rock,11,258.7922736,0
310,1943,Electronic,14,322.7517329,0
311,1943,Rap,26,238.1237538,0
312,1943,Metal,56,151.7882348,0
313,1943,New Age,2,311.405265,0
314,1943,Punk,44,261.3053725,0
315,1944,Blues,34,277.3531118,0
316,1944,Reggae,457,237.8625645,0
317,1944,Country,1,238.52363,0
318,1944,Jazz,4,261.58322,0
319,1944,Folk,23,216.5239835,0
320,1944,Latin,8,278.0958738,0
321,1944,Pop,3,255.29424,0
322,1944,World,31,317.23815,0
323,1944,RnB,8,387.8036275,0
324,1944,Rock,14,250.8011786,0
325,1944,Electronic,22,217.7040364,0
326,1944,Rap,83,153.2876505,0
327,1944,Metal,1,339.53914,0
328,1944,New Age,55,254.059088,0
329,1944,Punk,32,320.2844444,0
330,1945,Blues,426,241.6943784,4
331,1945,Reggae,4,242.722815,0
332,1945,Country,4,233.246895,0
333,1945,Jazz,19,222.9491489,0
334,1945,Folk,17,212.7546012,0
335,1945,Latin,44,335.383888,0
336,1945,Pop,1,339.40853,0
337,1945,World,28,247.0096929,0
338,1945,RnB,14,325.0337157,0
339,1945,Rock,28,228.9133654,0
340,1945,Electronic,37,119.3212454,0
341,1945,Rap,1,199.67955,0
342,1945,Metal,26,229.1918854,0
343,1945,New Age,33,297.4416242,0
344,1945,Punk,433,231.5471245,0
345,1946,Blues,2,147.12118,4
346,1946,Reggae,14,204.6185557,0
347,1946,Country,9,271.3798633,5
348,1946,Jazz,14,187.5120821,0
349,1946,Folk,25,338.9351872,0
350,1946,Latin,3,326.7130167,0
351,1946,Pop,43,273.8587967,0
352,1946,World,14,271.7942993,0
353,1946,RnB,59,225.939249,0
354,1946,Rock,32,146.4419956,0
355,1946,Electronic,4,284.584035,0
356,1946,Rap,33,245.6036027,0
357,1946,Metal,31,310.0763861,0
358,1946,New Age,392,241.6095425,0
359,1946,Punk,2,642.298325,0
360,1947,Blues,10,187.660608,4
361,1947,Reggae,25,224.0852288,0
362,1947,Country,12,304.8659417,0
363,1947,Jazz,15,246.9298313,0
364,1947,Folk,53,287.7989466,0
365,1947,Latin,1,321.33179,0
366,1947,Pop,47,264.7661287,0
367,1947,World,4,226.546485,0
368,1947,RnB,44,267.0713086,0
369,1947,Rock,43,157.1248626,0
370,1947,Electronic,11,286.63643,0
371,1947,Rap,21,249.4763986,0
372,1947,Metal,37,276.8784435,0
373,1947,New Age,368,243.8662368,0
374,1947,Punk,21,229.3882352,0
375,1948,Blues,17,214.0730165,4
376,1948,Reggae,17,258.1707818,0
377,1948,Country,13,203.9917592,7
378,1948,Jazz,70,351.525238,0
379,1948,Folk,1,199.07873,0
380,1948,Latin,27,259.371277,0
381,1948,Pop,11,285.9714945,0
382,1948,World,62,229.8669855,0
383,1948,RnB,52,153.486015,0
384,1948,Rock,11,221.5701582,0
385,1948,Electronic,17,242.1315988,0
386,1948,Rap,57,272.5355151,0
387,1948,Metal,556,243.5364134,0
388,1948,New Age,1,235.10159,0
389,1948,Punk,17,235.6409388,0
390,1949,Blues,28,216.3130168,5
391,1949,Reggae,17,254.9146965,0
392,1949,Country,10,220.815221,10
393,1949,Jazz,67,325.6014475,7
394,1949,Folk,1,314.20036,0
395,1949,Latin,60,228.951056,0
396,1949,Pop,20,248.354812,0
397,1949,World,89,245.1367171,0
398,1949,RnB,20,182.8161995,0
399,1949,Rock,24,241.6931521,0
400,1949,Electronic,26,265.0951835,0
401,1949,Rap,41,258.0638578,0
402,1949,Metal,539,235.7809163,0
403,1949,New Age,4,251.36934,0
404,1949,Punk,18,220.75601,0
405,1950,Blues,63,212.0056105,10
406,1950,Reggae,14,419.9179129,0
407,1950,Country,25,220.7081176,0
408,1950,Jazz,116,299.1574351,17
409,1950,Folk,4,340.63628,0
410,1950,Latin,75,253.4917915,0
411,1950,Pop,28,280.2467771,0
412,1950,World,75,238.4800909,0
413,1950,RnB,12,138.9143775,0
414,1950,Rock,71,239.1325387,0
415,1950,Electronic,25,207.0471216,0
416,1950,Rap,45,273.1834736,0
417,1950,Metal,558,236.6458548,0
418,1950,New Age,5,181.357264,0
419,1950,Punk,42,224.762696,0
420,1951,Blues,79,194.7999387,0
421,1951,Reggae,28,351.4005964,0
422,1951,Country,20,196.99024,0
423,1951,Jazz,93,310.3213196,12
424,1951,Folk,5,183.551546,2
425,1951,Latin,37,208.1199214,0
426,1951,Pop,29,338.2077941,0
427,1951,World,105,246.4867457,0
428,1951,RnB,20,177.6335045,0
429,1951,Rock,57,246.0413942,0
430,1951,Electronic,27,248.5875441,0
431,1951,Rap,40,242.7848527,0
432,1951,Metal,694,247.802179,0
433,1951,New Age,16,402.78975,0
434,1951,Punk,57,215.9506239,0
435,1952,Blues,76,185.1709328,0
436,1952,Reggae,61,295.9818818,0
437,1952,Country,14,230.6719679,6
438,1952,Jazz,125,303.9848135,2
439,1952,Folk,14,233.0528421,2
440,1952,Latin,68,253.07921,0
441,1952,Pop,13,318.3236923,0
442,1952,World,100,240.0068605,0
443,1952,RnB,37,181.0796568,0
444,1952,Rock,68,242.5426437,0
445,1952,Electronic,31,250.2795735,0
446,1952,Rap,73,266.4674918,0
447,1952,Metal,686,240.4453038,0
448,1952,New Age,6,417.4406383,0
449,1952,Punk,88,226.5613275,0
450,1953,Blues,91,190.3782319,15
451,1953,Reggae,95,311.7181805,0
452,1953,Country,25,231.2793504,0
453,1953,Jazz,164,291.8373168,6
454,1953,Folk,26,273.5799554,0
455,1953,Latin,80,265.4793834,0
456,1953,Pop,12,394.4964175,0
457,1953,World,142,240.8709694,0
458,1953,RnB,17,151.8800753,0
459,1953,Rock,88,219.9487859,0
460,1953,Electronic,46,219.783043,0
461,1953,Rap,73,252.3534963,0
462,1953,Metal,872,250.0458449,0
463,1953,New Age,30,294.1383223,0
464,1953,Punk,104,228.883942,0
465,1954,Blues,142,201.1602483,12
466,1954,Reggae,121,319.0643198,0
467,1954,Country,32,266.8207725,0
468,1954,Jazz,188,307.1617522,23
469,1954,Folk,23,267.9488626,0
470,1954,Latin,86,286.0995937,3
471,1954,Pop,29,282.0391248,0
472,1954,World,101,244.3934196,0
473,1954,RnB,47,173.4098115,0
474,1954,Rock,101,222.8170532,0
475,1954,Electronic,63,249.7003048,0
476,1954,Rap,77,241.3624939,0
477,1954,Metal,890,249.3363849,0
478,1954,New Age,20,188.32673,0
479,1954,Punk,67,233.1369451,0
480,1955,Blues,118,202.7099719,15
481,1955,Reggae,174,368.679481,0
482,1955,Country,33,201.2548097,0
483,1955,Jazz,180,298.6490887,55
484,1955,Folk,18,265.0204989,1
485,1955,Latin,86,286.2186635,0
486,1955,Pop,21,283.7627343,4
487,1955,World,128,257.0403627,0
488,1955,RnB,23,190.6900165,0
489,1955,Rock,127,231.2566505,11
490,1955,Electronic,105,210.1571366,0
491,1955,Rap,89,269.3525209,0
492,1955,Metal,1010,247.0154157,0
493,1955,New Age,32,327.1840363,0
494,1955,Punk,104,230.3920112,0
495,1956,Blues,126,194.8238803,23
496,1956,Reggae,204,385.8240204,0
497,1956,Country,21,226.5943757,21
498,1956,Jazz,172,317.7794423,93
499,1956,Folk,39,282.6705669,0
500,1956,Latin,122,263.5221693,0
501,1956,Pop,35,269.3764791,0
502,1956,World,69,260.4176477,0
503,1956,RnB,68,159.888526,1
504,1956,Rock,105,218.2458902,28
505,1956,Electronic,104,219.1495617,0
506,1956,Rap,110,253.5110273,0
507,1956,Metal,1012,238.6700893,0
508,1956,New Age,37,248.4706332,0
509,1956,Punk,86,268.8475393,0
510,1957,Blues,155,192.540703,19
511,1957,Reggae,320,377.3044445,0
512,1957,Country,36,227.4237647,23
513,1957,Jazz,189,317.9320029,122
514,1957,Folk,39,261.9969923,4
515,1957,Latin,113,275.1701873,0
516,1957,Pop,38,311.2169042,0
517,1957,World,162,248.3508288,0
518,1957,RnB,53,160.5717757,12
519,1957,Rock,169,247.3981503,34
520,1957,Electronic,79,244.0364562,0
521,1957,Rap,121,270.703247,0
522,1957,Metal,1287,241.6017943,0
523,1957,New Age,31,246.6375968,0
524,1957,Punk,75,221.8791003,0
525,1958,Blues,117,210.9912365,22
526,1958,Reggae,331,324.7159507,0
527,1958,Country,60,233.9905127,11
528,1958,Jazz,247,291.0880237,48
529,1958,Folk,47,255.69886,7
530,1958,Latin,144,284.1586397,0
531,1958,Pop,28,323.7219954,2
532,1958,World,130,247.4273645,0
533,1958,RnB,103,180.7762779,8
534,1958,Rock,156,231.282184,45
535,1958,Electronic,130,235.4504226,0
536,1958,Rap,150,263.4291195,0
537,1958,Metal,1228,238.9602431,0
538,1958,New Age,33,303.3801279,0
539,1958,Punk,127,258.822622,0
540,1959,Blues,136,206.4022357,15
541,1959,Reggae,436,351.4058003,0
542,1959,Country,82,226.1505073,28
543,1959,Jazz,206,315.589798,73
544,1959,Folk,73,264.5644892,8
545,1959,Latin,128,273.7693423,0
546,1959,Pop,57,258.484387,0
547,1959,World,197,253.7478444,0
548,1959,RnB,111,156.6031574,18
549,1959,Rock,134,225.0460041,32
550,1959,Electronic,191,215.8539923,0
551,1959,Rap,130,267.1220835,0
552,1959,Metal,1237,238.8178172,0
553,1959,New Age,32,294.8591375,0
554,1959,Punk,121,241.130044,0
555,1960,Blues,166,216.2399198,41
556,1960,Reggae,358,312.0131551,0
557,1960,Country,64,241.0750566,24
558,1960,Jazz,251,296.477686,52
559,1960,Folk,50,243.1838724,6
560,1960,Latin,203,259.5346988,2
561,1960,Pop,35,324.984456,0
562,1960,World,182,248.8876378,2
563,1960,RnB,77,167.5496125,8
564,1960,Rock,213,244.5282348,15
565,1960,Electronic,170,231.6961418,0
566,1960,Rap,139,273.5711222,0
567,1960,Metal,1282,244.6080193,0
568,1960,New Age,47,302.4619349,0
569,1960,Punk,77,237.2544844,0
570,1961,Blues,191,217.8572147,15
571,1961,Reggae,537,310.6215872,0
572,1961,Country,57,231.743707,24
573,1961,Jazz,267,308.2757522,54
574,1961,Folk,103,265.9768001,3
575,1961,Latin,266,281.6326415,0
576,1961,Pop,46,281.359902,6
577,1961,World,240,241.1294511,0
578,1961,RnB,124,160.3412451,25
579,1961,Rock,288,237.4053518,16
580,1961,Electronic,146,209.1698679,0
581,1961,Rap,115,262.0649519,0
582,1961,Metal,1424,244.6942862,0
583,1961,New Age,47,362.4579749,0
584,1961,Punk,100,229.9094893,0
585,1962,Blues,197,208.5869033,44
586,1962,Reggae,542,317.2567374,0
587,1962,Country,75,229.4089839,14
588,1962,Jazz,326,298.7450077,60
589,1962,Folk,106,257.7753803,8
590,1962,Latin,291,249.8984736,5
591,1962,Pop,34,271.1036991,9
592,1962,World,303,241.321489,2
593,1962,RnB,116,175.4847542,24
594,1962,Rock,269,230.6203735,17
595,1962,Electronic,215,221.6609191,0
596,1962,Rap,182,257.8799323,0
597,1962,Metal,1398,248.19994,0
598,1962,New Age,47,308.5673628,0
599,1962,Punk,115,257.6145951,0
600,1963,Blues,218,235.2142251,12
601,1963,Reggae,758,319.018266,0
602,1963,Country,86,233.1414929,32
603,1963,Jazz,298,316.7083809,62
604,1963,Folk,86,267.4706433,11
605,1963,Latin,302,276.0055364,0
606,1963,Pop,47,308.7252085,19
607,1963,World,365,237.0268479,0
608,1963,RnB,152,154.9769899,47
609,1963,Rock,287,237.2181427,29
610,1963,Electronic,224,241.0464265,1
611,1963,Rap,239,249.9812183,0
612,1963,Metal,1857,242.6428443,0
613,1963,New Age,91,324.2247812,0
614,1963,Punk,84,244.9914217,0
615,1964,Blues,260,232.549223,28
616,1964,Reggae,808,299.1054023,0
617,1964,Country,74,231.1556853,12
618,1964,Jazz,306,294.647966,88
619,1964,Folk,123,235.5743397,22
620,1964,Latin,311,267.8740053,2
621,1964,Pop,23,292.9003457,26
622,1964,World,362,237.7335325,0
623,1964,RnB,98,175.1041861,38
624,1964,Rock,385,236.2909391,70
625,1964,Electronic,193,210.2673945,0
626,1964,Rap,241,246.3581951,0
627,1964,Metal,1996,240.171083,0
628,1964,New Age,89,298.2847473,0
629,1964,Punk,141,239.6200298,0
630,1965,Blues,292,219.7845282,40
631,1965,Reggae,1083,299.974241,6
632,1965,Country,167,239.8011256,18
633,1965,Jazz,417,293.3129903,91
634,1965,Folk,116,253.6264572,36
635,1965,Latin,438,265.6678942,0
636,1965,Pop,42,269.9284095,19
637,1965,World,530,241.0846631,0
638,1965,RnB,111,162.7424032,61
639,1965,Rock,482,227.5620091,93
640,1965,Electronic,190,217.9201651,0
641,1965,Rap,249,244.0033627,0
642,1965,Metal,2529,240.0629107,0
643,1965,New Age,91,282.741471,0
644,1965,Punk,119,249.7042554,0
645,1966,Blues,281,215.7497795,59
646,1966,Reggae,1065,302.5312808,1
647,1966,Country,141,214.3179379,22
648,1966,Jazz,408,285.6704869,43
649,1966,Folk,114,250.2143407,34
650,1966,Latin,524,279.2879591,0
651,1966,Pop,18,371.395465,32
652,1966,World,558,237.1357209,0
653,1966,RnB,71,184.6046855,89
654,1966,Rock,524,222.3355366,137
655,1966,Electronic,199,231.631371,7
656,1966,Rap,261,244.730562,0
657,1966,Metal,2719,238.8082657,0
658,1966,New Age,43,259.7994516,0
659,1966,Punk,91,228.7061801,0
660,1967,Blues,368,216.3290586,35
661,1967,Reggae,1149,314.0507896,10
662,1967,Country,187,245.4051471,32
663,1967,Jazz,392,292.763828,47
664,1967,Folk,74,250.4372292,39
665,1967,Latin,536,258.2297993,1
666,1967,Pop,25,267.1956276,25
667,1967,World,660,228.0900055,0
668,1967,RnB,99,146.6470171,91
669,1967,Rock,583,220.9817094,229
670,1967,Electronic,267,242.6023503,0
671,1967,Rap,385,245.1919092,0
672,1967,Metal,3485,232.5575006,0
673,1967,New Age,83,306.8788387,0
674,1967,Punk,142,254.1512912,0
675,1968,Blues,341,216.3155632,42
676,1968,Reggae,1322,312.1392779,6
677,1968,Country,349,232.0882242,27
678,1968,Jazz,518,283.4518704,38
679,1968,Folk,99,237.6803212,39
680,1968,Latin,600,268.1620716,6
681,1968,Pop,24,273.4047163,31
682,1968,World,664,231.535086,2
683,1968,RnB,112,158.3528996,100
684,1968,Rock,549,221.0315317,273
685,1968,Electronic,219,234.8075606,3
686,1968,Rap,329,234.5072817,0
687,1968,Metal,3704,236.9546591,0
688,1968,New Age,90,293.1537953,0
689,1968,Punk,87,266.2362439,0
690,1969,Blues,272,222.270375,85
691,1969,Reggae,1583,313.729119,33
692,1969,Country,242,230.6961764,29
693,1969,Jazz,474,284.5091135,55
694,1969,Folk,72,255.38966,46
695,1969,Latin,712,275.7276089,1
696,1969,Pop,7,325.4106229,19
697,1969,World,779,232.7022788,0
698,1969,RnB,90,177.7668754,137
699,1969,Rock,513,217.6479368,326
700,1969,Electronic,348,217.9976887,3
701,1969,Rap,297,232.7022803,0
702,1969,Metal,4006,237.1491543,0
703,1969,New Age,80,321.6145673,0
704,1969,Punk,64,262.7019956,0
705,1970,Blues,284,223.5768964,33
706,1970,Reggae,1192,311.8694163,23
707,1970,Country,176,239.0042217,48
708,1970,Jazz,301,312.0238682,51
709,1970,Folk,42,246.9474957,57
710,1970,Latin,520,269.5568465,7
711,1970,Pop,21,265.1088181,17
712,1970,World,642,222.2753018,0
713,1970,RnB,26,192.6455742,128
714,1970,Rock,359,219.400704,335
715,1970,Electronic,178,224.5553089,10
716,1970,Rap,362,235.1168135,0
717,1970,Metal,3578,237.47443,0
718,1970,New Age,56,305.215173,0
719,1970,Punk,41,299.3277695,0
720,1971,Blues,154,217.4923429,26
721,1971,Reggae,986,307.7031057,3
722,1971,Country,191,237.5889643,25
723,1971,Jazz,163,324.5068712,65
724,1971,Folk,19,238.5387505,69
725,1971,Latin,413,260.4452333,4
726,1971,Pop,6,275.7394117,21
727,1971,World,598,224.0121709,1
728,1971,RnB,63,168.2078005,104
729,1971,Rock,418,216.6172052,356
730,1971,Electronic,127,255.2755223,0
731,1971,Rap,253,235.1194498,2
732,1971,Metal,2682,239.3093373,6
733,1971,New Age,34,263.2224038,0
734,1971,Punk,23,248.6636813,0
735,1972,Blues,68,214.8977944,46
736,1972,Reggae,470,295.2533616,9
737,1972,Country,27,223.26328,23
738,1972,Jazz,36,372.7371428,43
739,1972,Folk,19,247.8259695,38
740,1972,Latin,117,283.0003352,11
741,1972,Pop,1,143.5424,33
742,1972,World,132,227.9838135,0
743,1972,RnB,7,175.5834514,160
744,1972,Rock,73,207.8580203,451
745,1972,Electronic,24,207.2169617,0
746,1972,Rap,87,236.3401515,0
747,1972,Metal,953,234.0691887,2
748,1972,New Age,5,334.455708,1
749,1972,Punk,0,0,0
750,1973,Blues,0.495526126,277.192689,20
751,1973,Reggae,0.4753174,214.3985408,13
752,1973,Country,0.470578925,182.1296136,36
753,1973,Jazz,0.448648251,371.9762959,83
754,1973,Folk,0.494986525,227.2527956,39
755,1973,Latin,0.384514526,302.73634,7
756,1973,Pop,0.413395694,210.7300883,35
757,1973,World,0.455917048,919.02213,3
758,1973,RnB,0.468384213,263.0806708,175
759,1973,Rock,0.479427352,262.2927906,415
760,1973,Electronic,0,0,0
761,1973,Rap,0,0,0
762,1973,Metal,0.679175273,314.8882533,6
763,1973,New Age,0.810231443,352.78322,1
764,1973,Punk,0,0,0
765,1974,Blues,0.471643286,230.5914107,29
766,1974,Reggae,0.415985745,202.4022182,22
767,1974,Country,0.4087565,179.6073117,41
768,1974,Jazz,0.46318184,422.6148455,62
769,1974,Folk,0.457828926,242.6544587,30
770,1974,Latin,0.627329658,196.01053,11
771,1974,Pop,0.535185918,218.7211794,32
772,1974,World,0,0,0
773,1974,RnB,0.493475045,240.5759692,136
774,1974,Rock,0.508062053,261.3617068,396
775,1974,Electronic,0,658.1807725,0
776,1974,Rap,0,0,0
777,1974,Metal,0.499665936,268.12036,1
778,1974,New Age,0,0,0
779,1974,Punk,0,0,0
780,1975,Blues,0.369098525,294.9498587,15
781,1975,Reggae,0.438133163,194.2878729,35
782,1975,Country,0.39303884,195.3787753,36
783,1975,Jazz,0.467003322,326.8929869,91
784,1975,Folk,0.468718106,227.5971883,18
785,1975,Latin,0.507955791,295.123139,20
786,1975,Pop,0.488196232,209.8591063,51
787,1975,World,0.449708872,241.297832,5
788,1975,RnB,0.458591558,264.4345697,155
789,1975,Rock,0.506686984,260.6315348,399
790,1975,Electronic,0,0,0
791,1975,Rap,0,0,0
792,1975,Metal,0,0,0
793,1975,New Age,0,0,0
794,1975,Punk,0.553245721,248.13669,1
795,1976,Blues,0,247.45751,0
796,1976,Reggae,0.479358542,241.3259228,69
797,1976,Country,0.436658351,193.5530163,32
798,1976,Jazz,0.536482943,335.1301696,73
799,1976,Folk,0.445744647,260.9306608,26
800,1976,Latin,0.420996692,258.86322,8
801,1976,Pop,0.462683108,258.644705,50
802,1976,World,0.375984302,258.4550567,3
803,1976,RnB,0.444463257,248.1143619,117
804,1976,Rock,0.524691142,254.8516956,374
805,1976,Electronic,0,0,0
806,1976,Rap,0,0,0
807,1976,Metal,0.613040082,297.53424,1
808,1976,New Age,0.631758755,236.0071667,3
809,1976,Punk,0.618839422,176.53941,6
810,1977,Blues,0.43563742,258.4028117,6
811,1977,Reggae,0.479270523,236.8175325,61
812,1977,Country,0.34356984,219.824134,25
813,1977,Jazz,0.494685476,368.1950219,59
814,1977,Folk,0.441205743,302.8619767,21
815,1977,Latin,0.405115722,263.65342,1
816,1977,Pop,0.494400713,262.2007256,54
817,1977,World,0,0,0
818,1977,RnB,0.414190815,284.3304091,98
819,1977,Rock,0.512859132,256.524648,453
820,1977,Electronic,0.311598377,360.24118,4
821,1977,Rap,0,0,0
822,1977,Metal,0.485954585,241.7105667,3
823,1977,New Age,0.653628682,508.1073,1
824,1977,Punk,0.547571535,164.8051096,54
825,1978,Blues,0.596276572,263.6087988,24
826,1978,Reggae,0.524714,245.765246,55
827,1978,Country,0.408617493,195.2314728,36
828,1978,Jazz,0.467770689,352.9712324,76
829,1978,Folk,0.400145679,243.9919289,9
830,1978,Latin,0.200743356,276.068115,4
831,1978,Pop,0.464413217,252.6840361,64
832,1978,World,0.531825701,310.7522,1
833,1978,RnB,0.410542048,283.5916945,84
834,1978,Rock,0.501043,250.4438186,566
835,1978,Electronic,0.600026133,694.0207725,4
836,1978,Rap,0,0,0
837,1978,Metal,0,156.70812,0
838,1978,New Age,0,0,0
839,1978,Punk,0.576062688,163.4160724,90
840,1979,Blues,0.37127799,228.7581844,18
841,1979,Reggae,0.470046549,249.5424035,80
842,1979,Country,0.402694782,190.2264856,48
843,1979,Jazz,0.400446661,316.5143065,62
844,1979,Folk,0.540753684,255.5841995,20
845,1979,Latin,0.471446882,368.7179125,8
846,1979,Pop,0.531010049,293.9344317,77
847,1979,World,0,0,0
848,1979,RnB,0.44379608,293.4074741,90
849,1979,Rock,0.517764367,243.4001232,572
850,1979,Electronic,0.478194522,321.6126088,16
851,1979,Rap,0,236.72118,0
852,1979,Metal,0.605931045,239.3499226,19
853,1979,New Age,0.658651278,286.521016,5
854,1979,Punk,0.551058309,175.2447546,71
855,1980,Blues,0.539668893,206.1747086,14
856,1980,Reggae,0.470271456,229.2269144,118
857,1980,Country,0.450525841,187.0539768,31
858,1980,Jazz,0.446873847,331.5023605,38
859,1980,Folk,0.449694121,278.6637854,26
860,1980,Latin,0.603585341,358.00771,3
861,1980,Pop,0.504118396,245.115193,57
862,1980,World,0,0,0
863,1980,RnB,0.427993998,300.0613464,81
864,1980,Rock,0.50540663,236.7358622,596
865,1980,Electronic,0.453891286,321.5984575,24
866,1980,Rap,0.440634184,324.2836275,8
867,1980,Metal,0.644419596,280.5035914,22
868,1980,New Age,0.596261181,253.3024038,8
869,1980,Punk,0.665099128,172.0335231,74
870,1981,Blues,0.455800219,228.6392954,13
871,1981,Reggae,0.431519536,247.3459561,74
872,1981,Country,0.420372062,208.5913196,26
873,1981,Jazz,0.406144098,334.800753,23
874,1981,Folk,0.442024944,258.52762,9
875,1981,Latin,0.473351927,316.2313825,4
876,1981,Pop,0.479295311,233.2392744,48
877,1981,World,0.419125893,231.7405,3
878,1981,RnB,0.440628546,280.3846147,55
879,1981,Rock,0.50261287,240.2205974,686
880,1981,Electronic,0.485300419,265.7644444,16
881,1981,Rap,0.384061954,357.94676,3
882,1981,Metal,0.612719661,265.9813953,17
883,1981,New Age,0.576758563,290.6681605,19
884,1981,Punk,0.600141053,146.7767896,98
885,1982,Blues,0.291308262,253.4830844,9
886,1982,Reggae,0.449640267,258.8147318,89
887,1982,Country,0.456423648,204.5344313,47
888,1982,Jazz,0.443155668,316.5322264,45
889,1982,Folk,0.336106121,229.7203614,7
890,1982,Latin,0.310356522,357.0673009,11
891,1982,Pop,0.470439886,224.329996,60
892,1982,World,0,0,0
893,1982,RnB,0.420592504,305.3156307,59
894,1982,Rock,0.527007785,239.5423642,660
895,1982,Electronic,0.490582446,220.91855,18
896,1982,Rap,0.67273636,319.3138325,4
897,1982,Metal,0.516613533,253.4238728,25
898,1982,New Age,0,273.03138,0
899,1982,Punk,0.604660557,157.1421995,128
900,1983,Blues,0.516779775,209.11759,10
901,1983,Reggae,0.486390777,229.4997113,47
902,1983,Country,0.398783083,211.008852,10
903,1983,Jazz,0.410274311,296.5066445,77
904,1983,Folk,0.449756064,232.489343,23
905,1983,Latin,0.443291312,313.803302,5
906,1983,Pop,0.470740823,241.0008247,53
907,1983,World,0,284.9867567,0
908,1983,RnB,0.465056001,288.6141924,51
909,1983,Rock,0.517256948,238.5783145,642
910,1983,Electronic,0.556796055,230.7964062,26
911,1983,Rap,0.657733045,255.37261,3
912,1983,Metal,0.627184259,258.5203633,40
913,1983,New Age,0.557652735,318.6013084,19
914,1983,Punk,0.472802602,132.8459033,61
915,1984,Blues,0.458415515,170.4522586,7
916,1984,Reggae,0.443001388,239.9081174,50
917,1984,Country,0.397174448,202.9100233,27
918,1984,Jazz,0.364790266,313.580499,48
919,1984,Folk,0.53666931,190.0783586,22
920,1984,Latin,0.585899097,285.6746486,7
921,1984,Pop,0.475164981,232.5218433,86
922,1984,World,0.407847765,642.298325,2
923,1984,RnB,0.493284155,310.0955757,44
924,1984,Rock,0.505943012,241.6819874,606
925,1984,Electronic,0.504308405,277.6062947,15
926,1984,Rap,0.601240652,300.08771,8
927,1984,Metal,0.578090997,276.0949663,54
928,1984,New Age,0.566746808,260.3134829,21
929,1984,Punk,0.549799808,132.2727045,55
930,1985,Blues,0.513588581,225.301751,20
931,1985,Reggae,0.432388802,229.7588214,36
932,1985,Country,0.457487988,212.8414515,48
933,1985,Jazz,0.402162835,295.4818704,104
934,1985,Folk,0.479160775,253.5508504,23
935,1985,Latin,0.460484845,273.61914,2
936,1985,Pop,0.514702419,260.9127739,71
937,1985,World,0,292.23138,0
938,1985,RnB,0.409173656,271.6605969,61
939,1985,Rock,0.534521026,249.5617638,578
940,1985,Electronic,0.454771386,321.1796671,17
941,1985,Rap,0.51544671,267.7331359,17
942,1985,Metal,0.595871499,263.1738624,67
943,1985,New Age,0.434266085,226.546485,4
944,1985,Punk,0.583889939,157.8064853,64
945,1986,Blues,0.462802842,236.1005946,37
946,1986,Reggae,0.352313301,237.3684352,27
947,1986,Country,0.454971243,208.2248528,32
948,1986,Jazz,0.41518523,312.6377249,135
949,1986,Folk,0.480309702,198.7689919,21
950,1986,Latin,0.419674279,199.07873,1
951,1986,Pop,0.494206799,224.1375057,96
952,1986,World,0.51118122,235.10159,1
953,1986,RnB,0.461716587,254.5928668,93
954,1986,Rock,0.503273828,244.3090408,736
955,1986,Electronic,0.53546297,266.9431668,31
956,1986,Rap,0.660118625,224.5074828,18
957,1986,Metal,0.592450717,262.9614696,45
958,1986,New Age,0.513686909,283.7602457,14
959,1986,Punk,0.587781396,157.251792,64
960,1987,Blues,0.354949661,241.4522444,27
961,1987,Reggae,0.349528501,250.8047418,44
962,1987,Country,0.388468996,197.7845497,70
963,1987,Jazz,0.417410709,263.0270861,174
964,1987,Folk,0.445413466,223.3029489,27
965,1987,Latin,0.392008771,314.20036,1
966,1987,Pop,0.49761891,246.4723166,140
967,1987,World,0.443745178,240.71501,9
968,1987,RnB,0.4953807,248.0349294,67
969,1987,Rock,0.506416859,240.9221217,750
970,1987,Electronic,0.428582325,263.1500642,26
971,1987,Rap,0.471262179,252.4442144,39
972,1987,Metal,0.580711965,222.01424,85
973,1987,New Age,0.656400746,275.164717,27
974,1987,Punk,0.591954523,184.0727341,29
975,1988,Blues,0.538304298,203.1015884,43
976,1988,Reggae,0.496036824,201.9248895,44
977,1988,Country,0.427783559,204.7229209,105
978,1988,Jazz,0.387608963,279.9120363,230
979,1988,Folk,0.437101049,228.3135921,34
980,1988,Latin,0.373277652,271.8841717,12
981,1988,Pop,0.450079416,235.7739465,111
982,1988,World,0.403953953,184.8942429,7
983,1988,RnB,0.41457192,268.2817497,73
984,1988,Rock,0.513075579,239.7386028,791
985,1988,Electronic,0.478800783,378.2241095,22
986,1988,Rap,0.570050836,239.3919382,100
987,1988,Metal,0.602843609,246.8120965,99
988,1988,New Age,0.662452859,288.7151439,33
989,1988,Punk,0.538015189,144.1595469,16
990,1989,Blues,0.438864355,207.7366895,96
991,1989,Reggae,0.461569567,243.4795259,39
992,1989,Country,0.430713731,187.6436279,140
993,1989,Jazz,0.468928551,283.619185,210
994,1989,Folk,0.371156642,194.2626207,30
995,1989,Latin,0.492318507,169.4973612,17
996,1989,Pop,0.480809264,250.5358729,160
997,1989,World,0.342767026,376.3941814,21
998,1989,RnB,0.503272865,240.5917169,71
999,1989,Rock,0.512758718,249.4522615,1009
1000,1989,Electronic,0.487728861,337.834808,41
1001,1989,Rap,0.473578759,239.2685902,83
1002,1989,Metal,0.547195277,213.3598121,43
1003,1989,New Age,0.417831032,346.6052608,38
1004,1989,Punk,0.488524605,170.8466316,25
1005,1990,Blues,0.489900463,199.0914876,172
1006,1990,Reggae,0.399857087,221.7662727,67
1007,1990,Country,0.470836328,176.5277299,164
1008,1990,Jazz,0.47527831,287.2407776,236
1009,1990,Folk,0.447503452,225.0126443,23
1010,1990,Latin,0.395874076,247.7990326,27
1011,1990,Pop,0.479846778,241.8231578,158
1012,1990,World,0.484358953,396.864855,8
1013,1990,RnB,0.469496553,281.1504413,104
1014,1990,Rock,0.497899754,244.4694798,916
1015,1990,Electronic,0.466047092,296.4339875,84
1016,1990,Rap,0.544738395,242.9770934,95
1017,1990,Metal,0.584231976,255.094463,88
1018,1990,New Age,0.469458751,300.8204455,20
1019,1990,Punk,0.553530736,183.6424949,49
1020,1991,Blues,0.388431555,209.3679235,214
1021,1991,Reggae,0.439683932,216.7834185,66
1022,1991,Country,0.45504254,187.8435214,184
1023,1991,Jazz,0.410213049,266.9873322,321
1024,1991,Folk,0.451220541,224.6797963,49
1025,1991,Latin,0.39467379,265.4327888,43
1026,1991,Pop,0.457604613,247.0000536,211
1027,1991,World,0.455393186,297.7121997,32
1028,1991,RnB,0.46973809,242.9170282,119
1029,1991,Rock,0.517175105,251.9218093,1140
1030,1991,Electronic,0.479789304,315.717973,125
1031,1991,Rap,0.571703648,218.3132861,127
1032,1991,Metal,0.576993985,277.7624491,108
1033,1991,New Age,0.599393119,377.1939611,19
1034,1991,Punk,0.505065385,162.9997868,34
1035,1992,Blues,0.41092921,226.2012219,152
1036,1992,Reggae,0.434593639,241.3932068,94
1037,1992,Country,0.443860599,194.5122615,237
1038,1992,Jazz,0.422481967,294.6167868,308
1039,1992,Folk,0.454918823,262.9322404,51
1040,1992,Latin,0.477708222,268.3094393,42
1041,1992,Pop,0.462731773,242.7395577,179
1042,1992,World,0.424934026,217.8710329,28
1043,1992,RnB,0.486126927,243.2972314,119
1044,1992,Rock,0.504618458,250.4735101,1216
1045,1992,Electronic,0.457979203,325.236194,159
1046,1992,Rap,0.602608222,221.8616701,138
1047,1992,Metal,0.603691437,277.2674179,112
1048,1992,New Age,0.479807101,274.1386858,36
1049,1992,Punk,0.555066036,172.6560944,59
1050,1993,Blues,0.441516153,224.2900378,108
1051,1993,Reggae,0.42631441,209.9969027,155
1052,1993,Country,0.41966716,201.9303047,173
1053,1993,Jazz,0.383229919,284.6428959,310
1054,1993,Folk,0.424868396,217.7660133,51
1055,1993,Latin,0.440044856,262.2588219,31
1056,1993,Pop,0.453572154,257.7588045,176
1057,1993,World,0.439448668,318.63783,39
1058,1993,RnB,0.473712618,267.9050985,133
1059,1993,Rock,0.518831442,250.7477229,1337
1060,1993,Electronic,0.471368645,362.0975507,218
1061,1993,Rap,0.520843955,227.5217945,183
1062,1993,Metal,0.572870888,270.247357,125
1063,1993,New Age,0.636116767,287.2985942,24
1064,1993,Punk,0.53492175,182.6302947,30
1065,1994,Blues,0.385565856,224.08658,211
1066,1994,Reggae,0.400538512,217.6920428,159
1067,1994,Country,0.439616238,194.162728,215
1068,1994,Jazz,0.446400913,291.1774748,316
1069,1994,Folk,0.50189132,223.0912314,35
1070,1994,Latin,0.384971912,265.8370839,59
1071,1994,Pop,0.488342067,265.4677098,128
1072,1994,World,0.387420592,261.2919547,45
1073,1994,RnB,0.433937832,251.3856052,153
1074,1994,Rock,0.519134205,243.7386013,1356
1075,1994,Electronic,0.478962184,376.4249136,268
1076,1994,Rap,0.574872084,228.6041572,148
1077,1994,Metal,0.568598509,266.4199156,147
1078,1994,New Age,0.555450342,289.7820926,42
1079,1994,Punk,0.550985399,163.1687701,87
1080,1995,Blues,0.356982077,245.4188193,184
1081,1995,Reggae,0.474956274,236.3520324,137
1082,1995,Country,0.454599933,190.5041984,242
1083,1995,Jazz,0.389277477,298.8936632,297
1084,1995,Folk,0.438549827,228.875573,53
1085,1995,Latin,0.494897187,267.830113,63
1086,1995,Pop,0.506374081,254.0241185,238
1087,1995,World,0.418748995,295.6745221,52
1088,1995,RnB,0.480494727,270.3445261,160
1089,1995,Rock,0.526794876,244.8038364,1673
1090,1995,Electronic,0.508916902,374.1026585,423
1091,1995,Rap,0.578028743,247.9314876,242
1092,1995,Metal,0.584709092,281.4053589,166
1093,1995,New Age,0.6186522,298.8526243,49
1094,1995,Punk,0.520872146,158.0221909,69
1095,1996,Blues,0.430005946,219.7385141,136
1096,1996,Reggae,0.422488081,239.5848903,174
1097,1996,Country,0.490662511,205.3119942,175
1098,1996,Jazz,0.45237692,285.3512014,377
1099,1996,Folk,0.460946166,231.6608455,88
1100,1996,Latin,0.418576877,248.8366048,63
1101,1996,Pop,0.511304332,252.4298184,205
1102,1996,World,0.39718804,309.2826835,51
1103,1996,RnB,0.512822902,265.6549077,197
1104,1996,Rock,0.522489566,239.2347161,1631
1105,1996,Electronic,0.471492253,333.8353634,466
1106,1996,Rap,0.583142258,233.148778,209
1107,1996,Metal,0.566322993,286.5496263,210
1108,1996,New Age,0.430867191,305.0674574,42
1109,1996,Punk,0.513503971,179.627226,129
1110,1997,Blues,0.412579275,254.7923772,184
1111,1997,Reggae,0.466583914,218.4172283,265
1112,1997,Country,0.434669785,203.2743975,208
1113,1997,Jazz,0.390897017,308.3547095,294
1114,1997,Folk,0.436338445,230.4371727,109
1115,1997,Latin,0.475023984,263.0271912,111
1116,1997,Pop,0.498441077,256.7313391,287
1117,1997,World,0.45293275,285.4181727,44
1118,1997,RnB,0.492975771,264.1850079,163
1119,1997,Rock,0.529075681,240.0081192,1583
1120,1997,Electronic,0.498182984,351.5880961,594
1121,1997,Rap,0.534363835,228.5213152,192
1122,1997,Metal,0.536777338,271.7588007,162
1123,1997,New Age,0.540055385,257.4245843,67
1124,1997,Punk,0.503044177,157.752821,134
1125,1998,Blues,0.424712945,238.1200105,153
1126,1998,Reggae,0.460341322,223.6765279,238
1127,1998,Country,0.443119006,214.953422,229
1128,1998,Jazz,0.470431816,291.4729794,337
1129,1998,Folk,0.437436221,247.8260868,82
1130,1998,Latin,0.508429151,252.5568822,76
1131,1998,Pop,0.484321164,250.5159765,268
1132,1998,World,0.418582584,302.5446947,62
1133,1998,RnB,0.484866626,269.3963095,174
1134,1998,Rock,0.514172387,246.8905732,1629
1135,1998,Electronic,0.474526061,319.7989886,518
1136,1998,Rap,0.542934865,242.997467,318
1137,1998,Metal,0.556704811,267.0119351,250
1138,1998,New Age,0.497832018,321.3470824,41
1139,1998,Punk,0.567383137,168.6629113,90
1140,1999,Blues,0.37621179,237.2913692,116
1141,1999,Reggae,0.416955549,209.8516541,202
1142,1999,Country,0.473477166,213.1169126,243
1143,1999,Jazz,0.455092518,312.1010147,402
1144,1999,Folk,0.4251876,215.1132178,89
1145,1999,Latin,0.456300811,270.3109912,150
1146,1999,Pop,0.527936635,245.2486153,347
1147,1999,World,0.454306054,351.1452719,74
1148,1999,RnB,0.49942782,253.0225259,167
1149,1999,Rock,0.520564868,247.8402878,1806
1150,1999,Electronic,0.51471583,320.2836049,707
1151,1999,Rap,0.545516827,234.341944,387
1152,1999,Metal,0.56456004,271.2670899,343
1153,1999,New Age,0.526774669,277.6780269,58
1154,1999,Punk,0.519733451,160.6963266,144
1155,2000,Blues,0.404028288,226.9128216,147
1156,2000,Reggae,0.472966947,216.6294811,303
1157,2000,Country,0.476845895,205.1745298,279
1158,2000,Jazz,0.454935188,297.3408554,464
1159,2000,Folk,0.469551808,237.3528006,106
1160,2000,Latin,0.472573961,254.2629799,136
1161,2000,Pop,0.508494549,244.8695309,409
1162,2000,World,0.499698685,334.1868936,64
1163,2000,RnB,0.540057788,262.2878266,224
1164,2000,Rock,0.538584354,249.0399593,1766
1165,2000,Electronic,0.492345154,320.9730546,760
1166,2000,Rap,0.544870198,228.1115357,364
1167,2000,Metal,0.56501244,251.7696397,379
1168,2000,New Age,0.556683297,285.1508925,40
1169,2000,Punk,0.495843652,171.7385587,138
1170,2001,Blues,0.355709548,248.3385445,154
1171,2001,Reggae,0.424878372,244.3865225,303
1172,2001,Country,0.50157027,233.2628729,273
1173,2001,Jazz,0.454555861,314.7342927,405
1174,2001,Folk,0.344504503,232.8500938,100
1175,2001,Latin,0.435815073,257.2536313,126
1176,2001,Pop,0.537214788,242.8656591,490
1177,2001,World,0.415579287,317.576575,114
1178,2001,RnB,0.541004609,248.638811,293
1179,2001,Rock,0.540599712,243.5649607,2351
1180,2001,Electronic,0.518162945,320.1279339,998
1181,2001,Rap,0.532889217,233.4830616,392
1182,2001,Metal,0.587990964,273.6123348,359
1183,2001,New Age,0.518763534,310.0122308,52
1184,2001,Punk,0.541749615,158.5384602,177
1185,2002,Blues,0.414430075,246.5180388,111
1186,2002,Reggae,0.481219056,213.423138,279
1187,2002,Country,0.525583224,227.5576256,337
1188,2002,Jazz,0.49109855,289.1565382,426
1189,2002,Folk,0.478324433,237.659806,88
1190,2002,Latin,0.406924929,238.5544523,150
1191,2002,Pop,0.535710394,242.5262616,465
1192,2002,World,0.507031347,300.5243185,97
1193,2002,RnB,0.52089786,253.9601175,306
1194,2002,Rock,0.550477599,240.3173039,2516
1195,2002,Electronic,0.529306025,305.30064,1096
1196,2002,Rap,0.512921284,231.9745417,485
1197,2002,Metal,0.593603867,265.7263397,407
1198,2002,New Age,0.5829737,304.9851669,26
1199,2002,Punk,0.533205955,176.0883626,110
1200,2003,Blues,0.483565603,240.4273399,170
1201,2003,Reggae,0.462474252,220.5915034,265
1202,2003,Country,0.487560586,217.852763,336
1203,2003,Jazz,0.471141126,290.9480223,513
1204,2003,Folk,0.483593808,237.0686717,205
1205,2003,Latin,0.461618766,256.1712839,148
1206,2003,Pop,0.545688038,245.3865782,659
1207,2003,World,0.473510517,275.9067701,109
1208,2003,RnB,0.550954694,243.5555829,332
1209,2003,Rock,0.555268986,239.6702524,3110
1210,2003,Electronic,0.488754045,299.9945104,1372
1211,2003,Rap,0.506183104,225.8051959,653
1212,2003,Metal,0.60239077,264.3094433,574
1213,2003,New Age,0.542531296,284.6650643,54
1214,2003,Punk,0.565510677,169.2884801,125
1215,2004,Blues,0.43713893,238.0890156,160
1216,2004,Reggae,0.472980189,234.8048072,288
1217,2004,Country,0.469546404,215.9607579,347
1218,2004,Jazz,0.499650416,286.9364151,500
1219,2004,Folk,0.559623748,225.054411,173
1220,2004,Latin,0.444198212,252.8160151,138
1221,2004,Pop,0.530426594,237.750633,729
1222,2004,World,0.506554671,283.0132065,60
1223,2004,RnB,0.487924798,240.9980386,340
1224,2004,Rock,0.536341465,237.6436561,3374
1225,2004,Electronic,0.505182812,304.590902,1364
1226,2004,Rap,0.515267223,222.3840376,691
1227,2004,Metal,0.614778021,274.2169658,638
1228,2004,New Age,0.335805169,351.8129576,21
1229,2004,Punk,0.556009861,179.0064805,87
1230,2005,Blues,0.410401711,219.8252577,133
1231,2005,Reggae,0.458611777,241.2800389,345
1232,2005,Country,0.499452956,213.5803064,455
1233,2005,Jazz,0.490194696,289.3342537,488
1234,2005,Folk,0.507639781,238.8694183,236
1235,2005,Latin,0.532681064,248.799837,101
1236,2005,Pop,0.525703841,232.2012937,856
1237,2005,World,0.49853777,295.8383084,116
1238,2005,RnB,0.523984724,243.6222453,474
1239,2005,Rock,0.551953856,235.8558621,4301
1240,2005,Electronic,0.510025977,320.4476831,1501
1241,2005,Rap,0.497887173,220.9061745,782
1242,2005,Metal,0.568312926,260.1867316,633
1243,2005,New Age,0.612789173,267.3684089,28
1244,2005,Punk,0.581277359,146.4311109,108
1245,2006,Blues,0.434163858,254.3411165,189
1246,2006,Reggae,0.470563891,237.2353649,294
1247,2006,Country,0.518780794,214.5978093,390
1248,2006,Jazz,0.484934889,286.2620893,623
1249,2006,Folk,0.557628168,237.4879535,405
1250,2006,Latin,0.518639194,236.5558072,124
1251,2006,Pop,0.517500526,234.9957777,871
1252,2006,World,0.484440678,309.3029053,104
1253,2006,RnB,0.540677642,237.6211033,442
1254,2006,Rock,0.546163686,236.5907045,4558
1255,2006,Electronic,0.50257466,318.0695276,1743
1256,2006,Rap,0.507331352,217.6047054,719
1257,2006,Metal,0.601869871,264.5004613,733
1258,2006,New Age,0.51549605,271.4021163,27
1259,2006,Punk,0.554109102,158.6645854,125
1260,2007,Blues,0.460151105,252.5018177,117
1261,2007,Reggae,0.474306538,220.7320184,435
1262,2007,Country,0.523060623,221.8471385,320
1263,2007,Jazz,0.480661736,290.6440787,589
1264,2007,Folk,0.545048572,231.0251199,287
1265,2007,Latin,0.477850637,249.3660945,95
1266,2007,Pop,0.562882802,234.6903248,1061
1267,2007,World,0.488369562,306.5806257,101
1268,2007,RnB,0.522066582,233.8281528,378
1269,2007,Rock,0.568318791,238.1717164,4792
1270,2007,Electronic,0.52645625,318.0393142,1993
1271,2007,Rap,0.519625742,220.9924459,655
1272,2007,Metal,0.604000879,277.1976967,842
1273,2007,New Age,0.644694545,277.7575354,13
1274,2007,Punk,0.610373905,177.6966512,107
1275,2008,Blues,0.468041509,259.4450306,78
1276,2008,Reggae,0.472080817,227.4963762,219
1277,2008,Country,0.559910308,224.330431,315
1278,2008,Jazz,0.47102144,311.1624457,359
1279,2008,Folk,0.526944832,238.9241722,189
1280,2008,Latin,0.545597887,250.8127887,54
1281,2008,Pop,0.567349079,229.6804713,886
1282,2008,World,0.515335487,298.6091968,73
1283,2008,RnB,0.594098323,238.3905984,443
1284,2008,Rock,0.588751574,237.4114664,4291
1285,2008,Electronic,0.552031384,314.3370884,1534
1286,2008,Rap,0.558754055,218.6701344,468
1287,2008,Metal,0.608569815,269.4227778,620
1288,2008,New Age,0.616952868,259.5783224,25
1289,2008,Punk,0.597685164,189.1139486,28
1290,2009,Blues,0.44054728,293.8886517,52
1291,2009,Reggae,0.520633724,248.3458318,160
1292,2009,Country,0.537458833,216.3271121,183
1293,2009,Jazz,0.502575049,327.277053,201
1294,2009,Folk,0.606656876,236.158659,206
1295,2009,Latin,0.568438747,267.7262535,23
1296,2009,Pop,0.613005576,227.2611357,752
1297,2009,World,0.514101541,263.2224038,34
1298,2009,RnB,0.600601421,238.8545685,311
1299,2009,Rock,0.622011818,239.923765,3152
1300,2009,Electronic,0.566847139,313.7288526,1300
1301,2009,Rap,0.596923396,212.8054193,516
1302,2009,Metal,0.630779092,262.3405334,467
1303,2009,New Age,0.305489025,282.3981486,7
1304,2009,Punk,0.609785181,168.7268558,65
1305,2010,Blues,0.512509921,238.2701437,27
1306,2010,Reggae,0.570338336,209.8393776,29
1307,2010,Country,0.543212129,215.1698108,75
1308,2010,Jazz,0.565878624,359.8524521,42
1309,2010,Folk,0.785133098,226.3021632,34
1310,2010,Latin,0.465680179,251.2476355,22
1311,2010,Pop,0.615598063,232.184074,172
1312,2010,World,0.481565737,373.56798,6
1313,2010,RnB,0.637103303,235.3633447,98
1314,2010,Rock,0.653157227,234.9498853,1116
1315,2010,Electronic,0.620847146,301.1960481,532
1316,2010,Rap,0.548204043,213.2119704,105
1317,2010,Metal,0.684851462,291.6376914,132
1318,2010,New Age,0.589187648,143.5424,1
1319,2010,Punk,0.665460442,176.6624025,8
